//! DDR PHY training firmware blob (~19 KiB), copied to SRAM by `train`.

/// Training firmware loaded at 0xC083_2000 before each training run.
pub static TRAIN_IMAGE: [u8; 19416] = [
    0x79, 0x71, 0x06, 0xF4, 0x22, 0xF0, 0x00, 0x18, 0x23, 0x3C, 0xA4, 0xFC, 0x83, 0x37, 0x84, 0xFD,
    0x9C, 0x63, 0x23, 0x26, 0xF4, 0xFE, 0x83, 0x37, 0x84, 0xFD, 0xA1, 0x07, 0x9C, 0x63, 0x23, 0x24,
    0xF4, 0xFE, 0x83, 0x37, 0x84, 0xFD, 0xC1, 0x07, 0x9C, 0x63, 0x23, 0x22, 0xF4, 0xFE, 0x83, 0x37,
    0x84, 0xFD, 0xE1, 0x07, 0x9C, 0x63, 0x3E, 0x87, 0x97, 0x57, 0x00, 0x00, 0x93, 0x87, 0x07, 0xC2,
    0x98, 0xE3, 0x83, 0x26, 0x44, 0xFE, 0x03, 0x27, 0x84, 0xFE, 0x83, 0x27, 0xC4, 0xFE, 0x36, 0x86,
    0xBA, 0x85, 0x3E, 0x85, 0xEF, 0x40, 0xE0, 0x24, 0x01, 0x00, 0xA2, 0x70, 0x02, 0x74, 0x45, 0x61,
    0x82, 0x80, 0x79, 0x71, 0x22, 0xF4, 0x00, 0x18, 0xAA, 0x87, 0xAE, 0x86, 0x32, 0x87, 0x23, 0x2E,
    0xF4, 0xFC, 0xB6, 0x87, 0x23, 0x2C, 0xF4, 0xFC, 0xBA, 0x87, 0x23, 0x2A, 0xF4, 0xFC, 0x23, 0x20,
    0x04, 0xFE, 0x83, 0x27, 0x84, 0xFD, 0x1B, 0x87, 0x07, 0x00, 0x89, 0x47, 0x63, 0x1A, 0xF7, 0x00,
    0x8D, 0x47, 0x23, 0x20, 0xF4, 0xFE, 0x93, 0x07, 0x40, 0x04, 0x23, 0x22, 0xF4, 0xFE, 0x39, 0xA0,
    0x85, 0x47, 0x23, 0x20, 0xF4, 0xFE, 0x91, 0x47, 0x23, 0x22, 0xF4, 0xFE, 0x83, 0x27, 0x44, 0xFD,
    0x81, 0x27, 0x89, 0xC7, 0x85, 0x47, 0x23, 0x26, 0xF4, 0xFE, 0x21, 0xA0, 0x89, 0x47, 0x23, 0x26,
    0xF4, 0xFE, 0x83, 0x27, 0x04, 0xFE, 0x9B, 0x97, 0x87, 0x01, 0x1B, 0x87, 0x07, 0x00, 0x83, 0x27,
    0xC4, 0xFE, 0x9B, 0x97, 0x67, 0x00, 0x81, 0x27, 0xD9, 0x8F, 0x81, 0x27, 0x03, 0x27, 0xC4, 0xFD,
    0x1B, 0x07, 0x07, 0x02, 0x01, 0x27, 0x02, 0x17, 0x01, 0x93, 0xBE, 0x86, 0xB7, 0x07, 0x00, 0x10,
    0xD5, 0x8F, 0x81, 0x27, 0x1C, 0xC3, 0x83, 0x27, 0x44, 0xFD, 0x81, 0x27, 0xB1, 0xC3, 0x83, 0x27,
    0xC4, 0xFD, 0xA1, 0x27, 0x81, 0x27, 0x82, 0x17, 0x81, 0x93, 0x9C, 0x43, 0x23, 0x24, 0xF4, 0xFE,
    0x11, 0xA8, 0x83, 0x27, 0xC4, 0xFD, 0xA1, 0x27, 0x81, 0x27, 0x82, 0x17, 0x81, 0x93, 0x9C, 0x43,
    0x23, 0x24, 0xF4, 0xFE, 0x83, 0x27, 0x84, 0xFE, 0x3E, 0x87, 0x83, 0x27, 0x44, 0xFE, 0xF9, 0x8F,
    0x1B, 0x87, 0x07, 0x00, 0x83, 0x27, 0x44, 0xFE, 0x81, 0x27, 0xE3, 0x9C, 0xE7, 0xFC, 0x25, 0xA8,
    0x83, 0x27, 0xC4, 0xFD, 0xA1, 0x27, 0x81, 0x27, 0x82, 0x17, 0x81, 0x93, 0x9C, 0x43, 0x23, 0x24,
    0xF4, 0xFE, 0x11, 0xA8, 0x83, 0x27, 0xC4, 0xFD, 0xA1, 0x27, 0x81, 0x27, 0x82, 0x17, 0x81, 0x93,
    0x9C, 0x43, 0x23, 0x24, 0xF4, 0xFE, 0x83, 0x27, 0x84, 0xFE, 0x3E, 0x87, 0x83, 0x27, 0x44, 0xFE,
    0xF9, 0x8F, 0x81, 0x27, 0xE5, 0xF3, 0x01, 0x00, 0x22, 0x74, 0x45, 0x61, 0x82, 0x80, 0x79, 0x71,
    0x06, 0xF4, 0x22, 0xF0, 0x00, 0x18, 0x23, 0x3C, 0xA4, 0xFC, 0xA3, 0x07, 0x04, 0xFE, 0xE1, 0xA2,
    0x97, 0x57, 0x00, 0x00, 0x93, 0x87, 0x87, 0xAC, 0x9C, 0x63, 0x03, 0x47, 0xF4, 0xFE, 0x01, 0x27,
    0xBA, 0x85, 0x17, 0x45, 0x00, 0x00, 0x13, 0x05, 0x65, 0x1B, 0x82, 0x97, 0x23, 0x07, 0x04, 0xFE,
    0x7D, 0xA8, 0x83, 0x47, 0xE4, 0xFE, 0x81, 0x27, 0x91, 0xC7, 0x3E, 0x87, 0x85, 0x47, 0x63, 0x0E,
    0xF7, 0x00, 0x3D, 0xA0, 0x97, 0x57, 0x00, 0x00, 0x93, 0x87, 0x47, 0xA9, 0x9C, 0x63, 0x17, 0x45,
    0x00, 0x00, 0x13, 0x05, 0xA5, 0x1C, 0x82, 0x97, 0x21, 0xA8, 0x97, 0x57, 0x00, 0x00, 0x93, 0x87,
    0xE7, 0xA7, 0x9C, 0x63, 0x17, 0x45, 0x00, 0x00, 0x13, 0x05, 0x45, 0x1D, 0x82, 0x97, 0x01, 0x00,
    0xA3, 0x06, 0x04, 0xFE, 0xB9, 0xA0, 0x97, 0x57, 0x00, 0x00, 0x93, 0x87, 0x27, 0xA6, 0x98, 0x63,
    0x83, 0x47, 0xF4, 0xFE, 0x9B, 0x85, 0x07, 0x00, 0x83, 0x47, 0xE4, 0xFE, 0x81, 0x27, 0x83, 0x46,
    0xD4, 0xFE, 0x81, 0x26, 0x03, 0x36, 0x84, 0xFD, 0x86, 0x05, 0xAE, 0x97, 0x96, 0x07, 0xB2, 0x97,
    0xB6, 0x97, 0x85, 0x66, 0xB6, 0x97, 0x83, 0xC7, 0xB7, 0x92, 0x81, 0x27, 0xBE, 0x85, 0x17, 0x45,
    0x00, 0x00, 0x13, 0x05, 0xA5, 0x1A, 0x02, 0x97, 0x83, 0x47, 0xD4, 0xFE, 0x85, 0x27, 0xA3, 0x06,
    0xF4, 0xFE, 0x83, 0x47, 0xD4, 0xFE, 0x13, 0xF7, 0xF7, 0x0F, 0xFD, 0x47, 0xE3, 0xF5, 0xE7, 0xFA,
    0x97, 0x57, 0x00, 0x00, 0x93, 0x87, 0x87, 0xA0, 0x9C, 0x63, 0x17, 0x45, 0x00, 0x00, 0x13, 0x05,
    0x65, 0x18, 0x82, 0x97, 0x83, 0x47, 0xE4, 0xFE, 0x85, 0x27, 0x23, 0x07, 0xF4, 0xFE, 0x83, 0x47,
    0xE4, 0xFE, 0x13, 0xF7, 0xF7, 0x0F, 0x85, 0x47, 0xE3, 0xFD, 0xE7, 0xF2, 0x23, 0x07, 0x04, 0xFE,
    0x7D, 0xA8, 0x83, 0x47, 0xE4, 0xFE, 0x81, 0x27, 0x91, 0xC7, 0x3E, 0x87, 0x85, 0x47, 0x63, 0x0E,
    0xF7, 0x00, 0x3D, 0xA0, 0x97, 0x57, 0x00, 0x00, 0x93, 0x87, 0x47, 0x9C, 0x9C, 0x63, 0x17, 0x45,
    0x00, 0x00, 0x13, 0x05, 0xA5, 0x14, 0x82, 0x97, 0x21, 0xA8, 0x97, 0x57, 0x00, 0x00, 0x93, 0x87,
    0xE7, 0x9A, 0x9C, 0x63, 0x17, 0x45, 0x00, 0x00, 0x13, 0x05, 0x45, 0x15, 0x82, 0x97, 0x01, 0x00,
    0xA3, 0x06, 0x04, 0xFE, 0xB9, 0xA0, 0x97, 0x57, 0x00, 0x00, 0x93, 0x87, 0x27, 0x99, 0x98, 0x63,
    0x83, 0x47, 0xF4, 0xFE, 0x9B, 0x85, 0x07, 0x00, 0x83, 0x47, 0xE4, 0xFE, 0x81, 0x27, 0x83, 0x46,
    0xD4, 0xFE, 0x81, 0x26, 0x03, 0x36, 0x84, 0xFD, 0x86, 0x05, 0xAE, 0x97, 0x96, 0x07, 0xB2, 0x97,
    0xB6, 0x97, 0x85, 0x66, 0xB6, 0x97, 0x83, 0xC7, 0xD7, 0xD3, 0x81, 0x27, 0xBE, 0x85, 0x17, 0x45,
    0x00, 0x00, 0x13, 0x05, 0xA5, 0x0D, 0x02, 0x97, 0x83, 0x47, 0xD4, 0xFE, 0x85, 0x27, 0xA3, 0x06,
    0xF4, 0xFE, 0x83, 0x47, 0xD4, 0xFE, 0x13, 0xF7, 0xF7, 0x0F, 0xFD, 0x47, 0xE3, 0xF5, 0xE7, 0xFA,
    0x97, 0x57, 0x00, 0x00, 0x93, 0x87, 0x87, 0x93, 0x9C, 0x63, 0x17, 0x45, 0x00, 0x00, 0x13, 0x05,
    0x65, 0x0B, 0x82, 0x97, 0x83, 0x47, 0xE4, 0xFE, 0x85, 0x27, 0x23, 0x07, 0xF4, 0xFE, 0x83, 0x47,
    0xE4, 0xFE, 0x13, 0xF7, 0xF7, 0x0F, 0x85, 0x47, 0xE3, 0xFD, 0xE7, 0xF2, 0x83, 0x47, 0xF4, 0xFE,
    0x85, 0x27, 0xA3, 0x07, 0xF4, 0xFE, 0x83, 0x47, 0xF4, 0xFE, 0x13, 0xF7, 0xF7, 0x0F, 0xBD, 0x47,
    0xE3, 0xF8, 0xE7, 0xE2, 0x01, 0x00, 0x01, 0x00, 0xA2, 0x70, 0x02, 0x74, 0x45, 0x61, 0x82, 0x80,
    0x79, 0x71, 0x06, 0xF4, 0x22, 0xF0, 0x00, 0x18, 0x23, 0x3C, 0xA4, 0xFC, 0xA3, 0x07, 0x04, 0xFE,
    0xF1, 0xA2, 0x97, 0x57, 0x00, 0x00, 0x93, 0x87, 0x67, 0x8D, 0x9C, 0x63, 0x03, 0x47, 0xF4, 0xFE,
    0x01, 0x27, 0x83, 0x36, 0x84, 0xFD, 0x36, 0x97, 0x03, 0x47, 0x07, 0x00, 0x01, 0x27, 0xBA, 0x85,
    0x17, 0x45, 0x00, 0x00, 0x13, 0x05, 0x85, 0x08, 0x82, 0x97, 0x23, 0x07, 0x04, 0xFE, 0x6D, 0xA8,
    0x83, 0x47, 0xE4, 0xFE, 0x81, 0x27, 0x91, 0xC7, 0x3E, 0x87, 0x85, 0x47, 0x63, 0x0E, 0xF7, 0x00,
    0x3D, 0xA0, 0x97, 0x57, 0x00, 0x00, 0x93, 0x87, 0x67, 0x89, 0x9C, 0x63, 0x17, 0x45, 0x00, 0x00,
    0x13, 0x05, 0xC5, 0x07, 0x82, 0x97, 0x21, 0xA8, 0x97, 0x57, 0x00, 0x00, 0x93, 0x87, 0x07, 0x88,
    0x9C, 0x63, 0x17, 0x45, 0x00, 0x00, 0x13, 0x05, 0x65, 0x08, 0x82, 0x97, 0x01, 0x00, 0xA3, 0x06,
    0x04, 0xFE, 0xA9, 0xA0, 0x97, 0x57, 0x00, 0x00, 0x93, 0x87, 0x47, 0x86, 0x98, 0x63, 0x83, 0x47,
    0xF4, 0xFE, 0x9B, 0x85, 0x07, 0x00, 0x83, 0x47, 0xE4, 0xFE, 0x81, 0x27, 0x83, 0x46, 0xD4, 0xFE,
    0x81, 0x26, 0x03, 0x36, 0x84, 0xFD, 0x86, 0x05, 0xAE, 0x97, 0x96, 0x07, 0xB2, 0x97, 0xB6, 0x97,
    0x83, 0xC7, 0x07, 0x41, 0x81, 0x27, 0xBE, 0x85, 0x17, 0x45, 0x00, 0x00, 0x13, 0x05, 0x05, 0xFB,
    0x02, 0x97, 0x83, 0x47, 0xD4, 0xFE, 0x85, 0x27, 0xA3, 0x06, 0xF4, 0xFE, 0x83, 0x47, 0xD4, 0xFE,
    0x13, 0xF7, 0xF7, 0x0F, 0xFD, 0x47, 0xE3, 0xF7, 0xE7, 0xFA, 0x97, 0x57, 0x00, 0x00, 0x93, 0x87,
    0xE7, 0x80, 0x9C, 0x63, 0x17, 0x45, 0x00, 0x00, 0x13, 0x05, 0xC5, 0xF8, 0x82, 0x97, 0x83, 0x47,
    0xE4, 0xFE, 0x85, 0x27, 0x23, 0x07, 0xF4, 0xFE, 0x83, 0x47, 0xE4, 0xFE, 0x13, 0xF7, 0xF7, 0x0F,
    0x85, 0x47, 0xE3, 0xFF, 0xE7, 0xF2, 0x23, 0x07, 0x04, 0xFE, 0x6D, 0xA8, 0x83, 0x47, 0xE4, 0xFE,
    0x81, 0x27, 0x91, 0xC7, 0x3E, 0x87, 0x85, 0x47, 0x63, 0x0E, 0xF7, 0x00, 0x3D, 0xA0, 0x97, 0x47,
    0x00, 0x00, 0x93, 0x87, 0xA7, 0x7C, 0x9C, 0x63, 0x17, 0x45, 0x00, 0x00, 0x13, 0x05, 0x05, 0xFF,
    0x82, 0x97, 0x21, 0xA8, 0x97, 0x47, 0x00, 0x00, 0x93, 0x87, 0x47, 0x7B, 0x9C, 0x63, 0x17, 0x45,
    0x00, 0x00, 0x13, 0x05, 0xA5, 0xFF, 0x82, 0x97, 0x01, 0x00, 0xA3, 0x06, 0x04, 0xFE, 0xA9, 0xA0,
    0x97, 0x47, 0x00, 0x00, 0x93, 0x87, 0x87, 0x79, 0x98, 0x63, 0x83, 0x47, 0xF4, 0xFE, 0x9B, 0x85,
    0x07, 0x00, 0x83, 0x47, 0xE4, 0xFE, 0x81, 0x27, 0x83, 0x46, 0xD4, 0xFE, 0x81, 0x26, 0x03, 0x36,
    0x84, 0xFD, 0x86, 0x05, 0xAE, 0x97, 0x96, 0x07, 0xB2, 0x97, 0xB6, 0x97, 0x83, 0xC7, 0x07, 0x01,
    0x81, 0x27, 0xBE, 0x85, 0x17, 0x45, 0x00, 0x00, 0x13, 0x05, 0x45, 0xEE, 0x02, 0x97, 0x83, 0x47,
    0xD4, 0xFE, 0x85, 0x27, 0xA3, 0x06, 0xF4, 0xFE, 0x83, 0x47, 0xD4, 0xFE, 0x13, 0xF7, 0xF7, 0x0F,
    0xFD, 0x47, 0xE3, 0xF7, 0xE7, 0xFA, 0x97, 0x47, 0x00, 0x00, 0x93, 0x87, 0x27, 0x74, 0x9C, 0x63,
    0x17, 0x45, 0x00, 0x00, 0x13, 0x05, 0x05, 0xEC, 0x82, 0x97, 0x83, 0x47, 0xE4, 0xFE, 0x85, 0x27,
    0x23, 0x07, 0xF4, 0xFE, 0x83, 0x47, 0xE4, 0xFE, 0x13, 0xF7, 0xF7, 0x0F, 0x85, 0x47, 0xE3, 0xFF,
    0xE7, 0xF2, 0x83, 0x47, 0xF4, 0xFE, 0x85, 0x27, 0xA3, 0x07, 0xF4, 0xFE, 0x83, 0x47, 0xF4, 0xFE,
    0x13, 0xF7, 0xF7, 0x0F, 0xBD, 0x47, 0xE3, 0xF6, 0xE7, 0xE2, 0xA3, 0x07, 0x04, 0xFE, 0xD1, 0xAA,
    0x97, 0x47, 0x00, 0x00, 0x93, 0x87, 0x87, 0x6F, 0x9C, 0x63, 0x03, 0x47, 0xF4, 0xFE, 0x01, 0x27,
    0x83, 0x36, 0x84, 0xFD, 0x36, 0x97, 0x03, 0x47, 0x07, 0x00, 0x01, 0x27, 0xBA, 0x85, 0x17, 0x45,
    0x00, 0x00, 0x13, 0x05, 0xA5, 0xEA, 0x82, 0x97, 0x23, 0x07, 0x04, 0xFE, 0x7D, 0xA8, 0x83, 0x47,
    0xE4, 0xFE, 0x81, 0x27, 0x91, 0xC7, 0x3E, 0x87, 0x85, 0x47, 0x63, 0x0E, 0xF7, 0x00, 0x3D, 0xA0,
    0x97, 0x47, 0x00, 0x00, 0x93, 0x87, 0x87, 0x6B, 0x9C, 0x63, 0x17, 0x45, 0x00, 0x00, 0x13, 0x05,
    0xE5, 0xF1, 0x82, 0x97, 0x21, 0xA8, 0x97, 0x47, 0x00, 0x00, 0x93, 0x87, 0x27, 0x6A, 0x9C, 0x63,
    0x17, 0x45, 0x00, 0x00, 0x13, 0x05, 0x05, 0xF2, 0x82, 0x97, 0x01, 0x00, 0xA3, 0x06, 0x04, 0xFE,
    0xB9, 0xA0, 0x97, 0x47, 0x00, 0x00, 0x93, 0x87, 0x67, 0x68, 0x98, 0x63, 0x83, 0x47, 0xF4, 0xFE,
    0x9B, 0x85, 0x07, 0x00, 0x83, 0x47, 0xE4, 0xFE, 0x81, 0x27, 0x83, 0x46, 0xD4, 0xFE, 0x81, 0x26,
    0x03, 0x36, 0x84, 0xFD, 0x86, 0x05, 0xAE, 0x97, 0x8A, 0x07, 0xB2, 0x97, 0xB6, 0x97, 0x85, 0x66,
    0xB6, 0x97, 0x83, 0xC7, 0x17, 0x8A, 0x81, 0x27, 0xBE, 0x85, 0x17, 0x45, 0x00, 0x00, 0x13, 0x05,
    0xE5, 0xDC, 0x02, 0x97, 0x83, 0x47, 0xD4, 0xFE, 0x85, 0x27, 0xA3, 0x06, 0xF4, 0xFE, 0x83, 0x47,
    0xD4, 0xFE, 0x13, 0xF7, 0xF7, 0x0F, 0x8D, 0x47, 0xE3, 0xF5, 0xE7, 0xFA, 0x97, 0x47, 0x00, 0x00,
    0x93, 0x87, 0xC7, 0x62, 0x9C, 0x63, 0x17, 0x45, 0x00, 0x00, 0x13, 0x05, 0xA5, 0xDA, 0x82, 0x97,
    0x83, 0x47, 0xE4, 0xFE, 0x85, 0x27, 0x23, 0x07, 0xF4, 0xFE, 0x83, 0x47, 0xE4, 0xFE, 0x13, 0xF7,
    0xF7, 0x0F, 0x85, 0x47, 0xE3, 0xFD, 0xE7, 0xF2, 0x23, 0x07, 0x04, 0xFE, 0x7D, 0xA8, 0x83, 0x47,
    0xE4, 0xFE, 0x81, 0x27, 0x91, 0xC7, 0x3E, 0x87, 0x85, 0x47, 0x63, 0x0E, 0xF7, 0x00, 0x3D, 0xA0,
    0x97, 0x47, 0x00, 0x00, 0x93, 0x87, 0x87, 0x5E, 0x9C, 0x63, 0x17, 0x45, 0x00, 0x00, 0x13, 0x05,
    0xE5, 0xE7, 0x82, 0x97, 0x21, 0xA8, 0x97, 0x47, 0x00, 0x00, 0x93, 0x87, 0x27, 0x5D, 0x9C, 0x63,
    0x17, 0x45, 0x00, 0x00, 0x13, 0x05, 0x85, 0xE8, 0x82, 0x97, 0x01, 0x00, 0xA3, 0x06, 0x04, 0xFE,
    0xB9, 0xA0, 0x97, 0x47, 0x00, 0x00, 0x93, 0x87, 0x67, 0x5B, 0x98, 0x63, 0x83, 0x47, 0xF4, 0xFE,
    0x9B, 0x85, 0x07, 0x00, 0x83, 0x47, 0xE4, 0xFE, 0x81, 0x27, 0x83, 0x46, 0xD4, 0xFE, 0x81, 0x26,
    0x03, 0x36, 0x84, 0xFD, 0x86, 0x05, 0xAE, 0x97, 0x8A, 0x07, 0xB2, 0x97, 0xB6, 0x97, 0x85, 0x66,
    0xB6, 0x97, 0x83, 0xC7, 0x17, 0x82, 0x81, 0x27, 0xBE, 0x85, 0x17, 0x45, 0x00, 0x00, 0x13, 0x05,
    0xE5, 0xCF, 0x02, 0x97, 0x83, 0x47, 0xD4, 0xFE, 0x85, 0x27, 0xA3, 0x06, 0xF4, 0xFE, 0x83, 0x47,
    0xD4, 0xFE, 0x13, 0xF7, 0xF7, 0x0F, 0x8D, 0x47, 0xE3, 0xF5, 0xE7, 0xFA, 0x97, 0x47, 0x00, 0x00,
    0x93, 0x87, 0xC7, 0x55, 0x9C, 0x63, 0x17, 0x45, 0x00, 0x00, 0x13, 0x05, 0xA5, 0xCD, 0x82, 0x97,
    0x83, 0x47, 0xE4, 0xFE, 0x85, 0x27, 0x23, 0x07, 0xF4, 0xFE, 0x83, 0x47, 0xE4, 0xFE, 0x13, 0xF7,
    0xF7, 0x0F, 0x85, 0x47, 0xE3, 0xFD, 0xE7, 0xF2, 0x83, 0x47, 0xF4, 0xFE, 0x85, 0x27, 0xA3, 0x07,
    0xF4, 0xFE, 0x83, 0x47, 0xF4, 0xFE, 0x13, 0xF7, 0xF7, 0x0F, 0xBD, 0x47, 0xE3, 0xF2, 0xE7, 0xE2,
    0x01, 0x00, 0x01, 0x00, 0xA2, 0x70, 0x02, 0x74, 0x45, 0x61, 0x82, 0x80, 0x79, 0x71, 0x06, 0xF4,
    0x22, 0xF0, 0x00, 0x18, 0x23, 0x3C, 0xA4, 0xFC, 0xAE, 0x87, 0x23, 0x2A, 0xF4, 0xFC, 0xA3, 0x07,
    0x04, 0xFE, 0xED, 0xA8, 0x83, 0x47, 0xF4, 0xFE, 0x81, 0x27, 0x03, 0x47, 0xF4, 0xFE, 0x9B, 0x06,
    0x07, 0x00, 0x03, 0x37, 0x84, 0xFD, 0x9A, 0x07, 0xBA, 0x97, 0x05, 0x67, 0xBA, 0x97, 0x03, 0xC7,
    0xB7, 0x92, 0x83, 0x37, 0x84, 0xFD, 0xB6, 0x97, 0x85, 0x66, 0xB6, 0x97, 0xA3, 0x85, 0xE7, 0xD2,
    0x23, 0x07, 0x04, 0xFE, 0x75, 0xA0, 0xA3, 0x06, 0x04, 0xFE, 0x79, 0xA0, 0x83, 0x47, 0xF4, 0xFE,
    0x81, 0x27, 0x03, 0x37, 0x84, 0xFD, 0xBA, 0x97, 0x05, 0x67, 0xBA, 0x97, 0x83, 0xC5, 0xB7, 0xD2,
    0x83, 0x47, 0xF4, 0xFE, 0x1B, 0x86, 0x07, 0x00, 0x83, 0x47, 0xE4, 0xFE, 0x81, 0x27, 0x03, 0x47,
    0xD4, 0xFE, 0x01, 0x27, 0x83, 0x36, 0x84, 0xFD, 0x06, 0x06, 0xB2, 0x97, 0x96, 0x07, 0xB6, 0x97,
    0xBA, 0x97, 0x05, 0x67, 0xBA, 0x97, 0x83, 0xC7, 0xB7, 0x92, 0x2E, 0x87, 0x63, 0xF1, 0xE7, 0x04,
    0x83, 0x47, 0xF4, 0xFE, 0x9B, 0x85, 0x07, 0x00, 0x83, 0x47, 0xE4, 0xFE, 0x81, 0x27, 0x03, 0x47,
    0xD4, 0xFE, 0x01, 0x27, 0x83, 0x46, 0xF4, 0xFE, 0x81, 0x26, 0x03, 0x36, 0x84, 0xFD, 0x86, 0x05,
    0xAE, 0x97, 0x96, 0x07, 0xB2, 0x97, 0xBA, 0x97, 0x05, 0x67, 0xBA, 0x97, 0x03, 0xC7, 0xB7, 0x92,
    0x83, 0x37, 0x84, 0xFD, 0xB6, 0x97, 0x85, 0x66, 0xB6, 0x97, 0xA3, 0x85, 0xE7, 0xD2, 0x83, 0x47,
    0xD4, 0xFE, 0x85, 0x27, 0xA3, 0x06, 0xF4, 0xFE, 0x83, 0x47, 0xD4, 0xFE, 0x13, 0xF7, 0xF7, 0x0F,
    0xFD, 0x47, 0xE3, 0xF5, 0xE7, 0xF6, 0x83, 0x47, 0xE4, 0xFE, 0x85, 0x27, 0x23, 0x07, 0xF4, 0xFE,
    0x83, 0x47, 0xE4, 0xFE, 0x1B, 0x87, 0x07, 0x00, 0x83, 0x27, 0x44, 0xFD, 0x81, 0x27, 0xE3, 0x64,
    0xF7, 0xF4, 0x83, 0x47, 0xF4, 0xFE, 0x85, 0x27, 0xA3, 0x07, 0xF4, 0xFE, 0x83, 0x47, 0xF4, 0xFE,
    0x13, 0xF7, 0xF7, 0x0F, 0xBD, 0x47, 0xE3, 0xFF, 0xE7, 0xEE, 0x03, 0x37, 0x84, 0xFD, 0x85, 0x67,
    0xBA, 0x97, 0x03, 0xC7, 0xB7, 0xD2, 0x83, 0x36, 0x84, 0xFD, 0x85, 0x67, 0xB6, 0x97, 0xA3, 0x8D,
    0xE7, 0xD2, 0xA3, 0x07, 0x04, 0xFE, 0x8D, 0xA0, 0x03, 0x37, 0x84, 0xFD, 0x85, 0x67, 0xBA, 0x97,
    0x83, 0xC6, 0xB7, 0xD3, 0x83, 0x47, 0xF4, 0xFE, 0x81, 0x27, 0x03, 0x37, 0x84, 0xFD, 0xBA, 0x97,
    0x05, 0x67, 0xBA, 0x97, 0x83, 0xC7, 0xB7, 0xD2, 0x36, 0x87, 0x63, 0x7A, 0xF7, 0x02, 0x83, 0x47,
    0xF4, 0xFE, 0x81, 0x27, 0x03, 0x37, 0x84, 0xFD, 0xBA, 0x97, 0x05, 0x67, 0xBA, 0x97, 0x03, 0xC7,
    0xB7, 0xD2, 0x83, 0x36, 0x84, 0xFD, 0x85, 0x67, 0xB6, 0x97, 0xA3, 0x8D, 0xE7, 0xD2, 0x03, 0x37,
    0x84, 0xFD, 0x85, 0x67, 0xBA, 0x97, 0x03, 0x47, 0xF4, 0xFE, 0x23, 0x8E, 0xE7, 0xD2, 0x83, 0x47,
    0xF4, 0xFE, 0x85, 0x27, 0xA3, 0x07, 0xF4, 0xFE, 0x83, 0x47, 0xF4, 0xFE, 0x13, 0xF7, 0xF7, 0x0F,
    0xBD, 0x47, 0xE3, 0xFB, 0xE7, 0xF8, 0x97, 0x47, 0x00, 0x00, 0x93, 0x87, 0x27, 0x36, 0x9C, 0x63,
    0x17, 0x45, 0x00, 0x00, 0x13, 0x05, 0x85, 0xC3, 0x82, 0x97, 0xA3, 0x07, 0x04, 0xFE, 0x25, 0xA8,
    0x97, 0x47, 0x00, 0x00, 0x93, 0x87, 0x87, 0x34, 0x9C, 0x63, 0x03, 0x47, 0xF4, 0xFE, 0x01, 0x27,
    0x83, 0x36, 0x84, 0xFD, 0x36, 0x97, 0x85, 0x66, 0x36, 0x97, 0x03, 0x47, 0xB7, 0xD2, 0x01, 0x27,
    0xBA, 0x85, 0x17, 0x45, 0x00, 0x00, 0x13, 0x05, 0x65, 0xAA, 0x82, 0x97, 0x83, 0x47, 0xF4, 0xFE,
    0x85, 0x27, 0xA3, 0x07, 0xF4, 0xFE, 0x83, 0x47, 0xF4, 0xFE, 0x13, 0xF7, 0xF7, 0x0F, 0xBD, 0x47,
    0xE3, 0xF0, 0xE7, 0xFC, 0x97, 0x47, 0x00, 0x00, 0x93, 0x87, 0x47, 0x30, 0x9C, 0x63, 0x17, 0x45,
    0x00, 0x00, 0x13, 0x05, 0xA5, 0xC0, 0x82, 0x97, 0x97, 0x47, 0x00, 0x00, 0x93, 0x87, 0x07, 0x2F,
    0x9C, 0x63, 0x83, 0x36, 0x84, 0xFD, 0x05, 0x67, 0x36, 0x97, 0x03, 0x47, 0xC7, 0xD3, 0x9B, 0x05,
    0x07, 0x00, 0x83, 0x36, 0x84, 0xFD, 0x05, 0x67, 0x36, 0x97, 0x03, 0x47, 0xB7, 0xD3, 0x01, 0x27,
    0x3A, 0x86, 0x17, 0x45, 0x00, 0x00, 0x13, 0x05, 0xE5, 0xBD, 0x82, 0x97, 0x01, 0x00, 0xA2, 0x70,
    0x02, 0x74, 0x45, 0x61, 0x82, 0x80, 0x79, 0x71, 0x06, 0xF4, 0x22, 0xF0, 0x00, 0x18, 0x23, 0x3C,
    0xA4, 0xFC, 0xAE, 0x87, 0x23, 0x2A, 0xF4, 0xFC, 0xA3, 0x07, 0x04, 0xFE, 0xFD, 0xA0, 0x83, 0x47,
    0xF4, 0xFE, 0x81, 0x27, 0x03, 0x47, 0xF4, 0xFE, 0x9B, 0x06, 0x07, 0x00, 0x03, 0x37, 0x84, 0xFD,
    0x9A, 0x07, 0xBA, 0x97, 0x03, 0xC7, 0x07, 0x41, 0x83, 0x37, 0x84, 0xFD, 0xB6, 0x97, 0x85, 0x66,
    0xB6, 0x97, 0x23, 0x88, 0xE7, 0x80, 0x23, 0x07, 0x04, 0xFE, 0x55, 0xA0, 0xA3, 0x06, 0x04, 0xFE,
    0x59, 0xA0, 0x83, 0x47, 0xF4, 0xFE, 0x81, 0x27, 0x03, 0x37, 0x84, 0xFD, 0xBA, 0x97, 0x05, 0x67,
    0xBA, 0x97, 0x83, 0xC5, 0x07, 0x81, 0x83, 0x47, 0xF4, 0xFE, 0x1B, 0x86, 0x07, 0x00, 0x83, 0x47,
    0xE4, 0xFE, 0x81, 0x27, 0x03, 0x47, 0xD4, 0xFE, 0x01, 0x27, 0x83, 0x36, 0x84, 0xFD, 0x06, 0x06,
    0xB2, 0x97, 0x96, 0x07, 0xB6, 0x97, 0xBA, 0x97, 0x83, 0xC7, 0x07, 0x41, 0x2E, 0x87, 0x63, 0xFF,
    0xE7, 0x02, 0x83, 0x47, 0xF4, 0xFE, 0x9B, 0x85, 0x07, 0x00, 0x83, 0x47, 0xE4, 0xFE, 0x81, 0x27,
    0x03, 0x47, 0xD4, 0xFE, 0x01, 0x27, 0x83, 0x46, 0xF4, 0xFE, 0x81, 0x26, 0x03, 0x36, 0x84, 0xFD,
    0x86, 0x05, 0xAE, 0x97, 0x96, 0x07, 0xB2, 0x97, 0xBA, 0x97, 0x03, 0xC7, 0x07, 0x41, 0x83, 0x37,
    0x84, 0xFD, 0xB6, 0x97, 0x85, 0x66, 0xB6, 0x97, 0x23, 0x88, 0xE7, 0x80, 0x83, 0x47, 0xD4, 0xFE,
    0x85, 0x27, 0xA3, 0x06, 0xF4, 0xFE, 0x83, 0x47, 0xD4, 0xFE, 0x13, 0xF7, 0xF7, 0x0F, 0xFD, 0x47,
    0xE3, 0xF9, 0xE7, 0xF6, 0x83, 0x47, 0xE4, 0xFE, 0x85, 0x27, 0x23, 0x07, 0xF4, 0xFE, 0x83, 0x47,
    0xE4, 0xFE, 0x1B, 0x87, 0x07, 0x00, 0x83, 0x27, 0x44, 0xFD, 0x81, 0x27, 0xE3, 0x68, 0xF7, 0xF4,
    0x83, 0x47, 0xF4, 0xFE, 0x85, 0x27, 0xA3, 0x07, 0xF4, 0xFE, 0x83, 0x47, 0xF4, 0xFE, 0x13, 0xF7,
    0xF7, 0x0F, 0xBD, 0x47, 0xE3, 0xF5, 0xE7, 0xF0, 0x03, 0x37, 0x84, 0xFD, 0x85, 0x67, 0xBA, 0x97,
    0x03, 0xC7, 0x07, 0x81, 0x83, 0x36, 0x84, 0xFD, 0x85, 0x67, 0xB6, 0x97, 0x23, 0x80, 0xE7, 0x82,
    0x83, 0x37, 0x84, 0xFD, 0x03, 0xC7, 0x07, 0x00, 0x83, 0x36, 0x84, 0xFD, 0x85, 0x67, 0xB6, 0x97,
    0xA3, 0x84, 0xE7, 0x92, 0x03, 0x37, 0x84, 0xFD, 0x85, 0x67, 0xBA, 0x97, 0x23, 0x85, 0x07, 0x92,
    0xA3, 0x07, 0x04, 0xFE, 0xBD, 0xA8, 0x03, 0x37, 0x84, 0xFD, 0x85, 0x67, 0xBA, 0x97, 0x83, 0xC6,
    0x07, 0x82, 0x83, 0x47, 0xF4, 0xFE, 0x81, 0x27, 0x03, 0x37, 0x84, 0xFD, 0xBA, 0x97, 0x05, 0x67,
    0xBA, 0x97, 0x83, 0xC7, 0x07, 0x81, 0x36, 0x87, 0x63, 0x78, 0xF7, 0x04, 0x83, 0x47, 0xF4, 0xFE,
    0x81, 0x27, 0x03, 0x37, 0x84, 0xFD, 0xBA, 0x97, 0x05, 0x67, 0xBA, 0x97, 0x03, 0xC7, 0x07, 0x81,
    0x83, 0x36, 0x84, 0xFD, 0x85, 0x67, 0xB6, 0x97, 0x23, 0x80, 0xE7, 0x82, 0x03, 0x37, 0x84, 0xFD,
    0x85, 0x67, 0xBA, 0x97, 0x03, 0x47, 0xF4, 0xFE, 0x23, 0x85, 0xE7, 0x92, 0x83, 0x47, 0xF4, 0xFE,
    0x81, 0x27, 0x03, 0x37, 0x84, 0xFD, 0xBA, 0x97, 0x03, 0xC7, 0x07, 0x00, 0x83, 0x36, 0x84, 0xFD,
    0x85, 0x67, 0xB6, 0x97, 0xA3, 0x84, 0xE7, 0x92, 0x83, 0x47, 0xF4, 0xFE, 0x85, 0x27, 0xA3, 0x07,
    0xF4, 0xFE, 0x83, 0x47, 0xF4, 0xFE, 0x13, 0xF7, 0xF7, 0x0F, 0xBD, 0x47, 0xE3, 0xFD, 0xE7, 0xF6,
    0x97, 0x47, 0x00, 0x00, 0x93, 0x87, 0x87, 0x0D, 0x9C, 0x63, 0x17, 0x45, 0x00, 0x00, 0x13, 0x05,
    0x65, 0xA2, 0x82, 0x97, 0xA3, 0x07, 0x04, 0xFE, 0x25, 0xA8, 0x97, 0x47, 0x00, 0x00, 0x93, 0x87,
    0xE7, 0x0B, 0x9C, 0x63, 0x03, 0x47, 0xF4, 0xFE, 0x01, 0x27, 0x83, 0x36, 0x84, 0xFD, 0x36, 0x97,
    0x85, 0x66, 0x36, 0x97, 0x03, 0x47, 0x07, 0x81, 0x01, 0x27, 0xBA, 0x85, 0x17, 0x45, 0x00, 0x00,
    0x13, 0x05, 0xC5, 0x81, 0x82, 0x97, 0x83, 0x47, 0xF4, 0xFE, 0x85, 0x27, 0xA3, 0x07, 0xF4, 0xFE,
    0x83, 0x47, 0xF4, 0xFE, 0x13, 0xF7, 0xF7, 0x0F, 0xBD, 0x47, 0xE3, 0xF0, 0xE7, 0xFC, 0x97, 0x47,
    0x00, 0x00, 0x93, 0x87, 0xA7, 0x07, 0x9C, 0x63, 0x17, 0x45, 0x00, 0x00, 0x13, 0x05, 0x05, 0x98,
    0x82, 0x97, 0x97, 0x47, 0x00, 0x00, 0x93, 0x87, 0x67, 0x06, 0x9C, 0x63, 0x83, 0x36, 0x84, 0xFD,
    0x05, 0x67, 0x36, 0x97, 0x03, 0x47, 0x97, 0x92, 0x9B, 0x05, 0x07, 0x00, 0x83, 0x36, 0x84, 0xFD,
    0x05, 0x67, 0x36, 0x97, 0x03, 0x47, 0x07, 0x82, 0x01, 0x27, 0x3A, 0x86, 0x17, 0x45, 0x00, 0x00,
    0x13, 0x05, 0x45, 0x9C, 0x82, 0x97, 0x01, 0x00, 0xA2, 0x70, 0x02, 0x74, 0x45, 0x61, 0x82, 0x80,
    0x39, 0x71, 0x22, 0xFC, 0x80, 0x00, 0xAA, 0x87, 0x2E, 0x87, 0x23, 0x26, 0xF4, 0xFC, 0xBA, 0x87,
    0x23, 0x24, 0xF4, 0xFC, 0x83, 0x27, 0xC4, 0xFC, 0x3E, 0x87, 0x85, 0x67, 0x9B, 0x87, 0x07, 0x3E,
    0xB9, 0x9F, 0x23, 0x22, 0xF4, 0xFE, 0x83, 0x27, 0xC4, 0xFC, 0x3E, 0x87, 0x85, 0x67, 0x9B, 0x87,
    0x07, 0x3D, 0xB9, 0x9F, 0x23, 0x20, 0xF4, 0xFE, 0x83, 0x27, 0xC4, 0xFC, 0x3E, 0x87, 0x85, 0x67,
    0x9B, 0x87, 0xC7, 0x3F, 0xB9, 0x9F, 0x23, 0x2E, 0xF4, 0xFC, 0x83, 0x27, 0x84, 0xFC, 0x1B, 0x87,
    0x07, 0x00, 0x91, 0x47, 0x63, 0x15, 0xF7, 0x00, 0x23, 0x24, 0x04, 0xFE, 0x29, 0xA0, 0x83, 0x27,
    0x84, 0xFC, 0x23, 0x24, 0xF4, 0xFE, 0x83, 0x27, 0xC4, 0xFC, 0x9B, 0x87, 0x47, 0x30, 0x81, 0x27,
    0x82, 0x17, 0x81, 0x93, 0x9C, 0x43, 0x23, 0x26, 0xF4, 0xFE, 0x83, 0x27, 0xC4, 0xFE, 0x3E, 0x87,
    0xB7, 0x07, 0x00, 0xD0, 0xFD, 0x17, 0xF9, 0x8F, 0x23, 0x26, 0xF4, 0xFE, 0x83, 0x27, 0x84, 0xFE,
    0x9B, 0x97, 0xC7, 0x01, 0x81, 0x27, 0x03, 0x27, 0xC4, 0xFE, 0xD9, 0x8F, 0x23, 0x26, 0xF4, 0xFE,
    0x83, 0x27, 0xC4, 0xFC, 0x9B, 0x87, 0x47, 0x30, 0x81, 0x27, 0x82, 0x17, 0x81, 0x93, 0x3E, 0x87,
    0x83, 0x27, 0xC4, 0xFE, 0x1C, 0xC3, 0x83, 0x67, 0x44, 0xFE, 0x9C, 0x43, 0x23, 0x26, 0xF4, 0xFE,
    0x83, 0x27, 0xC4, 0xFE, 0xCD, 0x9B, 0x23, 0x26, 0xF4, 0xFE, 0x83, 0x27, 0x84, 0xFE, 0x9B, 0x97,
    0x27, 0x00, 0x81, 0x27, 0x03, 0x27, 0xC4, 0xFE, 0xD9, 0x8F, 0x23, 0x26, 0xF4, 0xFE, 0x83, 0x67,
    0x44, 0xFE, 0x3E, 0x87, 0x83, 0x27, 0xC4, 0xFE, 0x1C, 0xC3, 0x83, 0x67, 0x04, 0xFE, 0x3E, 0x87,
    0xB7, 0x07, 0x00, 0x13, 0x89, 0x07, 0x1C, 0xC3, 0x83, 0x67, 0xC4, 0xFD, 0x9C, 0x43, 0x23, 0x26,
    0xF4, 0xFE, 0x31, 0xA0, 0x83, 0x67, 0xC4, 0xFD, 0x9C, 0x43, 0x23, 0x26, 0xF4, 0xFE, 0x83, 0x27,
    0xC4, 0xFE, 0x3E, 0x87, 0xB7, 0x07, 0x00, 0x20, 0xF9, 0x8F, 0x81, 0x27, 0xE5, 0xD7, 0x01, 0x00,
    0x01, 0x00, 0x62, 0x74, 0x21, 0x61, 0x82, 0x80, 0x79, 0x71, 0x22, 0xF4, 0x00, 0x18, 0xAA, 0x87,
    0x23, 0x2E, 0xF4, 0xFC, 0x83, 0x27, 0xC4, 0xFD, 0x3E, 0x87, 0x85, 0x67, 0x9B, 0x87, 0x07, 0x3D,
    0xB9, 0x9F, 0x23, 0x24, 0xF4, 0xFE, 0x83, 0x27, 0xC4, 0xFD, 0x3E, 0x87, 0x85, 0x67, 0x9B, 0x87,
    0xC7, 0x3F, 0xB9, 0x9F, 0x23, 0x22, 0xF4, 0xFE, 0x83, 0x67, 0x84, 0xFE, 0x3E, 0x87, 0xB7, 0x07,
    0x00, 0x13, 0x91, 0x07, 0x1C, 0xC3, 0x83, 0x67, 0x44, 0xFE, 0x9C, 0x43, 0x23, 0x26, 0xF4, 0xFE,
    0x31, 0xA0, 0x83, 0x67, 0x44, 0xFE, 0x9C, 0x43, 0x23, 0x26, 0xF4, 0xFE, 0x83, 0x27, 0xC4, 0xFE,
    0x3E, 0x87, 0xB7, 0x07, 0x00, 0x40, 0xF9, 0x8F, 0x81, 0x27, 0xE5, 0xD7, 0x01, 0x00, 0x01, 0x00,
    0x22, 0x74, 0x45, 0x61, 0x82, 0x80, 0x79, 0x71, 0x06, 0xF4, 0x22, 0xF0, 0x00, 0x18, 0xAA, 0x87,
    0x23, 0x2E, 0xF4, 0xFC, 0x83, 0x27, 0xC4, 0xFD, 0x1B, 0x87, 0x07, 0x00, 0x91, 0x47, 0x63, 0xE9,
    0xE7, 0x36, 0x83, 0x67, 0xC4, 0xFD, 0x13, 0x97, 0x27, 0x00, 0x97, 0x47, 0x00, 0x00, 0x93, 0x87,
    0x27, 0x9F, 0xBA, 0x97, 0x9C, 0x43, 0x1B, 0x87, 0x07, 0x00, 0x97, 0x47, 0x00, 0x00, 0x93, 0x87,
    0x27, 0x9E, 0xBA, 0x97, 0x82, 0x87, 0x97, 0x47, 0x00, 0x00, 0x93, 0x87, 0x27, 0xE5, 0x9C, 0x63,
    0x17, 0x45, 0x00, 0x00, 0x13, 0x05, 0x05, 0x81, 0x82, 0x97, 0xB7, 0x17, 0x0A, 0x35, 0x93, 0x87,
    0xD7, 0xAE, 0x8A, 0x07, 0x11, 0x67, 0x13, 0x07, 0x47, 0xB0, 0x98, 0xC3, 0xB7, 0x87, 0x42, 0x0D,
    0x93, 0x87, 0xB7, 0x28, 0x92, 0x07, 0x37, 0x07, 0x60, 0x40, 0x13, 0x07, 0x07, 0x60, 0x98, 0xC3,
    0xB7, 0x17, 0x0A, 0x35, 0x93, 0x87, 0x17, 0xA0, 0x8A, 0x07, 0x37, 0x07, 0x00, 0x04, 0x98, 0xC3,
    0x97, 0x47, 0x00, 0x00, 0x93, 0x87, 0x87, 0xE0, 0x9C, 0x63, 0x37, 0x17, 0x0A, 0x35, 0x13, 0x07,
    0xD7, 0xAE, 0x0A, 0x07, 0x18, 0x43, 0x01, 0x27, 0x3A, 0x86, 0x37, 0x37, 0x28, 0xD4, 0x93, 0x05,
    0x47, 0xBB, 0x17, 0x35, 0x00, 0x00, 0x13, 0x05, 0x65, 0x7D, 0x82, 0x97, 0x97, 0x47, 0x00, 0x00,
    0x93, 0x87, 0xC7, 0xDD, 0x9C, 0x63, 0x37, 0x87, 0x42, 0x0D, 0x13, 0x07, 0xB7, 0x28, 0x12, 0x07,
    0x18, 0x43, 0x01, 0x27, 0x3A, 0x86, 0x37, 0x37, 0x28, 0xD4, 0x93, 0x05, 0x07, 0x8B, 0x17, 0x35,
    0x00, 0x00, 0x13, 0x05, 0xA5, 0x7A, 0x82, 0x97, 0x97, 0x47, 0x00, 0x00, 0x93, 0x87, 0x07, 0xDB,
    0x9C, 0x63, 0x37, 0x17, 0x0A, 0x35, 0x13, 0x07, 0x17, 0xA0, 0x0A, 0x07, 0x18, 0x43, 0x01, 0x27,
    0x3A, 0x86, 0x37, 0x37, 0x28, 0xD4, 0x93, 0x05, 0x47, 0x80, 0x17, 0x35, 0x00, 0x00, 0x13, 0x05,
    0xE5, 0x77, 0x82, 0x97, 0x97, 0x47, 0x00, 0x00, 0x93, 0x87, 0x47, 0xD8, 0x9C, 0x63, 0x17, 0x35,
    0x00, 0x00, 0x13, 0x05, 0xA5, 0x78, 0x82, 0x97, 0xB7, 0x17, 0x0A, 0x35, 0x93, 0x87, 0x17, 0xA0,
    0x8A, 0x07, 0x9C, 0x43, 0x23, 0x26, 0xF4, 0xFE, 0x09, 0xA8, 0xB7, 0x17, 0x0A, 0x35, 0x93, 0x87,
    0x17, 0xA0, 0x8A, 0x07, 0x9C, 0x43, 0x23, 0x26, 0xF4, 0xFE, 0x83, 0x27, 0xC4, 0xFE, 0x3E, 0x87,
    0xB7, 0x07, 0x00, 0x04, 0xF9, 0x8F, 0x81, 0x27, 0xED, 0xF3, 0x97, 0x47, 0x00, 0x00, 0x93, 0x87,
    0xE7, 0xD3, 0x9C, 0x63, 0x17, 0x35, 0x00, 0x00, 0x13, 0x05, 0xC5, 0x76, 0x82, 0x97, 0x25, 0xAC,
    0x97, 0x47, 0x00, 0x00, 0x93, 0x87, 0x87, 0xD2, 0x9C, 0x63, 0x17, 0x35, 0x00, 0x00, 0x13, 0x05,
    0xE5, 0x77, 0x82, 0x97, 0xB7, 0x17, 0x0A, 0x35, 0x93, 0x87, 0xD7, 0xAE, 0x8A, 0x07, 0x11, 0x67,
    0x13, 0x07, 0x07, 0xB5, 0x98, 0xC3, 0xB7, 0x87, 0x42, 0x0D, 0x93, 0x87, 0xB7, 0x28, 0x92, 0x07,
    0x37, 0x07, 0x60, 0x40, 0x13, 0x07, 0x07, 0x40, 0x98, 0xC3, 0xB7, 0x17, 0x0A, 0x35, 0x93, 0x87,
    0x17, 0xA0, 0x8A, 0x07, 0x37, 0x07, 0x00, 0x04, 0x98, 0xC3, 0x97, 0x47, 0x00, 0x00, 0x93, 0x87,
    0xE7, 0xCD, 0x9C, 0x63, 0x17, 0x35, 0x00, 0x00, 0x13, 0x05, 0xC5, 0x75, 0x82, 0x97, 0xB7, 0x17,
    0x0A, 0x35, 0x93, 0x87, 0x17, 0xA0, 0x8A, 0x07, 0x9C, 0x43, 0x23, 0x26, 0xF4, 0xFE, 0x09, 0xA8,
    0xB7, 0x17, 0x0A, 0x35, 0x93, 0x87, 0x17, 0xA0, 0x8A, 0x07, 0x9C, 0x43, 0x23, 0x26, 0xF4, 0xFE,
    0x83, 0x27, 0xC4, 0xFE, 0x3E, 0x87, 0xB7, 0x07, 0x00, 0x04, 0xF9, 0x8F, 0x81, 0x27, 0xED, 0xF3,
    0x97, 0x47, 0x00, 0x00, 0x93, 0x87, 0x87, 0xC9, 0x9C, 0x63, 0x17, 0x35, 0x00, 0x00, 0x13, 0x05,
    0xE5, 0x73, 0x82, 0x97, 0x49, 0xAA, 0xB7, 0x17, 0x0A, 0x35, 0x93, 0x87, 0xD7, 0xAE, 0x8A, 0x07,
    0x11, 0x67, 0x13, 0x07, 0x07, 0xB0, 0x98, 0xC3, 0xB7, 0x87, 0x42, 0x0D, 0x93, 0x87, 0xB7, 0x28,
    0x92, 0x07, 0x37, 0x07, 0x60, 0x40, 0x13, 0x07, 0x07, 0x40, 0x98, 0xC3, 0xB7, 0x17, 0x0A, 0x35,
    0x93, 0x87, 0x17, 0xA0, 0x8A, 0x07, 0x37, 0x07, 0x00, 0x04, 0x98, 0xC3, 0xB7, 0x17, 0x0A, 0x35,
    0x93, 0x87, 0x17, 0xA0, 0x8A, 0x07, 0x9C, 0x43, 0x23, 0x26, 0xF4, 0xFE, 0x09, 0xA8, 0xB7, 0x17,
    0x0A, 0x35, 0x93, 0x87, 0x17, 0xA0, 0x8A, 0x07, 0x9C, 0x43, 0x23, 0x26, 0xF4, 0xFE, 0x83, 0x27,
    0xC4, 0xFE, 0x3E, 0x87, 0xB7, 0x07, 0x00, 0x04, 0xF9, 0x8F, 0x81, 0x27, 0xED, 0xF3, 0x25, 0xA2,
    0xB7, 0x17, 0x0A, 0x35, 0x93, 0x87, 0xD7, 0xAE, 0x8A, 0x07, 0x11, 0x67, 0x13, 0x07, 0x07, 0xB4,
    0x98, 0xC3, 0xB7, 0x87, 0x42, 0x0D, 0x93, 0x87, 0xB7, 0x28, 0x92, 0x07, 0x37, 0x07, 0x60, 0x40,
    0x13, 0x07, 0x07, 0x40, 0x98, 0xC3, 0xB7, 0x17, 0x0A, 0x35, 0x93, 0x87, 0x17, 0xA0, 0x8A, 0x07,
    0x37, 0x07, 0x00, 0x04, 0x98, 0xC3, 0xB7, 0x17, 0x0A, 0x35, 0x93, 0x87, 0x17, 0xA0, 0x8A, 0x07,
    0x9C, 0x43, 0x23, 0x26, 0xF4, 0xFE, 0x09, 0xA8, 0xB7, 0x17, 0x0A, 0x35, 0x93, 0x87, 0x17, 0xA0,
    0x8A, 0x07, 0x9C, 0x43, 0x23, 0x26, 0xF4, 0xFE, 0x83, 0x27, 0xC4, 0xFE, 0x3E, 0x87, 0xB7, 0x07,
    0x00, 0x04, 0xF9, 0x8F, 0x81, 0x27, 0xED, 0xF3, 0x7D, 0xA8, 0x97, 0x47, 0x00, 0x00, 0x93, 0x87,
    0xE7, 0xBA, 0x9C, 0x63, 0x17, 0x35, 0x00, 0x00, 0x13, 0x05, 0xC5, 0x67, 0x82, 0x97, 0xB7, 0x17,
    0x0A, 0x35, 0x93, 0x87, 0xD7, 0xAE, 0x8A, 0x07, 0x11, 0x67, 0x13, 0x07, 0x27, 0xB0, 0x98, 0xC3,
    0xB7, 0x87, 0x42, 0x0D, 0x93, 0x87, 0xB7, 0x28, 0x92, 0x07, 0x37, 0x07, 0x60, 0x40, 0x13, 0x07,
    0x07, 0x40, 0x98, 0xC3, 0xB7, 0x17, 0x0A, 0x35, 0x93, 0x87, 0x17, 0xA0, 0x8A, 0x07, 0x37, 0x07,
    0x00, 0x04, 0x98, 0xC3, 0x97, 0x47, 0x00, 0x00, 0x93, 0x87, 0x47, 0xB6, 0x9C, 0x63, 0x17, 0x35,
    0x00, 0x00, 0x13, 0x05, 0xA5, 0x65, 0x82, 0x97, 0xB7, 0x17, 0x0A, 0x35, 0x93, 0x87, 0x17, 0xA0,
    0x8A, 0x07, 0x9C, 0x43, 0x23, 0x26, 0xF4, 0xFE, 0x09, 0xA8, 0xB7, 0x17, 0x0A, 0x35, 0x93, 0x87,
    0x17, 0xA0, 0x8A, 0x07, 0x9C, 0x43, 0x23, 0x26, 0xF4, 0xFE, 0x83, 0x27, 0xC4, 0xFE, 0x3E, 0x87,
    0xB7, 0x07, 0x00, 0x04, 0xF9, 0x8F, 0x81, 0x27, 0xED, 0xF3, 0x97, 0x47, 0x00, 0x00, 0x93, 0x87,
    0xE7, 0xB1, 0x9C, 0x63, 0x17, 0x35, 0x00, 0x00, 0x13, 0x05, 0x45, 0x64, 0x82, 0x97, 0x21, 0xA8,
    0x97, 0x47, 0x00, 0x00, 0x93, 0x87, 0x87, 0xB0, 0x9C, 0x63, 0x17, 0x35, 0x00, 0x00, 0x13, 0x05,
    0xE5, 0x65, 0x82, 0x97, 0x01, 0x00, 0x01, 0x00, 0xA2, 0x70, 0x02, 0x74, 0x45, 0x61, 0x82, 0x80,
    0x79, 0x71, 0x06, 0xF4, 0x22, 0xF0, 0x00, 0x18, 0xAA, 0x87, 0xAE, 0x86, 0x32, 0x87, 0x23, 0x2E,
    0xF4, 0xFC, 0xB6, 0x87, 0xA3, 0x0D, 0xF4, 0xFC, 0xBA, 0x87, 0x23, 0x0D, 0xF4, 0xFC, 0x83, 0x47,
    0xA4, 0xFD, 0x93, 0xF7, 0xF7, 0x0F, 0xA1, 0xC7, 0x83, 0x27, 0xC4, 0xFD, 0x3E, 0x87, 0x85, 0x67,
    0x9B, 0x87, 0xC7, 0x3F, 0xB9, 0x9F, 0x81, 0x27, 0x82, 0x17, 0x81, 0x93, 0x9C, 0x43, 0x23, 0x26,
    0xF4, 0xFE, 0x31, 0xA8, 0x83, 0x27, 0xC4, 0xFD, 0x3E, 0x87, 0x85, 0x67, 0x9B, 0x87, 0xC7, 0x3F,
    0xB9, 0x9F, 0x81, 0x27, 0x82, 0x17, 0x81, 0x93, 0x9C, 0x43, 0x23, 0x26, 0xF4, 0xFE, 0x83, 0x27,
    0xC4, 0xFE, 0x3E, 0x87, 0xB7, 0x07, 0x80, 0x00, 0xF9, 0x8F, 0x81, 0x27, 0xE1, 0xDF, 0x83, 0x47,
    0xB4, 0xFD, 0x1B, 0x87, 0x07, 0x00, 0x83, 0x27, 0xC4, 0xFD, 0xBA, 0x85, 0x3E, 0x85, 0xEF, 0xF0,
    0x3F, 0xA4, 0x83, 0x27, 0xC4, 0xFD, 0x1B, 0x87, 0x07, 0x00, 0xB7, 0x07, 0x00, 0x03, 0x63, 0x19,
    0xF7, 0x00, 0x83, 0x47, 0xB4, 0xFD, 0x81, 0x27, 0x3E, 0x85, 0xEF, 0xF0, 0xDF, 0xBB, 0x39, 0xA0,
    0x83, 0x47, 0xB4, 0xFD, 0x81, 0x27, 0x3E, 0x85, 0xEF, 0xF0, 0xFF, 0xBA, 0x83, 0x27, 0xC4, 0xFD,
    0x3E, 0x85, 0xEF, 0xF0, 0x7F, 0xB3, 0x01, 0x00, 0xA2, 0x70, 0x02, 0x74, 0x45, 0x61, 0x82, 0x80,
    0x01, 0x11, 0x22, 0xEC, 0x00, 0x10, 0xAA, 0x87, 0x2E, 0x87, 0x23, 0x26, 0xF4, 0xFE, 0xBA, 0x87,
    0x23, 0x24, 0xF4, 0xFE, 0x83, 0x27, 0xC4, 0xFE, 0x9B, 0x87, 0x47, 0x02, 0x81, 0x27, 0x82, 0x17,
    0x81, 0x93, 0x3E, 0x87, 0x83, 0x27, 0x84, 0xFE, 0xBE, 0x86, 0xB7, 0x07, 0x02, 0x13, 0xD5, 0x8F,
    0x81, 0x27, 0x1C, 0xC3, 0x01, 0x00, 0x62, 0x64, 0x05, 0x61, 0x82, 0x80, 0x19, 0x71, 0x86, 0xFC,
    0xA2, 0xF8, 0x00, 0x01, 0xAA, 0x87, 0x23, 0x38, 0xB4, 0xF8, 0x36, 0x87, 0x23, 0x2E, 0xF4, 0xF8,
    0xB2, 0x87, 0x23, 0x2C, 0xF4, 0xF8, 0xBA, 0x87, 0x23, 0x26, 0xF4, 0xF8, 0x89, 0x47, 0xA3, 0x04,
    0xF4, 0xFE, 0xD1, 0x47, 0x23, 0x22, 0xF4, 0xFE, 0x93, 0x07, 0x80, 0x03, 0x23, 0x20, 0xF4, 0xFE,
    0x93, 0x07, 0x80, 0x03, 0x23, 0x2E, 0xF4, 0xFC, 0x23, 0x2C, 0x04, 0xFC, 0x85, 0x47, 0x23, 0x2A,
    0xF4, 0xFC, 0x93, 0x07, 0xB0, 0x03, 0x23, 0x28, 0xF4, 0xFC, 0x23, 0x26, 0x04, 0xFC, 0x85, 0x47,
    0x23, 0x24, 0xF4, 0xFC, 0xBD, 0x47, 0x23, 0x22, 0xF4, 0xFC, 0x83, 0x27, 0xC4, 0xF9, 0x3E, 0x87,
    0x85, 0x67, 0x9B, 0x87, 0x07, 0x3F, 0xB9, 0x9F, 0x23, 0x20, 0xF4, 0xFC, 0x83, 0x27, 0xC4, 0xF9,
    0x3E, 0x87, 0x85, 0x67, 0x9B, 0x87, 0x47, 0x3F, 0xB9, 0x9F, 0x23, 0x2E, 0xF4, 0xFA, 0x83, 0x27,
    0xC4, 0xF9, 0x3E, 0x87, 0xB7, 0x07, 0x04, 0x00, 0xB9, 0x9F, 0x23, 0x2C, 0xF4, 0xFA, 0x83, 0x27,
    0x84, 0xFB, 0x3E, 0x87, 0xE1, 0x67, 0x91, 0x27, 0xB9, 0x9F, 0x23, 0x2A, 0xF4, 0xFA, 0x83, 0x27,
    0xC4, 0xF9, 0x3E, 0x87, 0x85, 0x67, 0x9B, 0x87, 0x07, 0x3D, 0xB9, 0x9F, 0x23, 0x28, 0xF4, 0xFA,
    0x83, 0x27, 0xC4, 0xF9, 0x3E, 0x87, 0x85, 0x67, 0x9B, 0x87, 0xC7, 0x3F, 0xB9, 0x9F, 0x23, 0x26,
    0xF4, 0xFA, 0x83, 0x27, 0xC4, 0xF9, 0x9B, 0x87, 0x47, 0x30, 0x81, 0x27, 0x82, 0x17, 0x81, 0x93,
    0x9C, 0x43, 0x23, 0x26, 0xF4, 0xFE, 0x83, 0x27, 0xC4, 0xFE, 0x3E, 0x87, 0xB7, 0x07, 0x00, 0x40,
    0xFD, 0x17, 0xF9, 0x8F, 0x23, 0x26, 0xF4, 0xFE, 0x83, 0x27, 0x84, 0xF9, 0x9B, 0x97, 0xE7, 0x01,
    0x81, 0x27, 0x03, 0x27, 0xC4, 0xFE, 0xD9, 0x8F, 0x23, 0x26, 0xF4, 0xFE, 0x83, 0x27, 0xC4, 0xF9,
    0x9B, 0x87, 0x47, 0x30, 0x81, 0x27, 0x82, 0x17, 0x81, 0x93, 0x3E, 0x87, 0x83, 0x27, 0xC4, 0xFE,
    0x1C, 0xC3, 0x83, 0x27, 0xC4, 0xF9, 0x9B, 0x87, 0x87, 0x02, 0x81, 0x27, 0x82, 0x17, 0x81, 0x93,
    0x3E, 0x87, 0xB7, 0x07, 0x01, 0x13, 0x1C, 0xC3, 0x83, 0x27, 0xC4, 0xF9, 0xB5, 0x45, 0x3E, 0x85,
    0xEF, 0xF0, 0x1F, 0xE9, 0x83, 0x27, 0xC4, 0xF9, 0x85, 0x45, 0x3E, 0x85, 0xEF, 0xF0, 0x5F, 0xE8,
    0x83, 0x27, 0xC4, 0xF9, 0x89, 0x45, 0x3E, 0x85, 0xEF, 0xF0, 0x9F, 0xE7, 0x83, 0x27, 0xC4, 0xF9,
    0x8D, 0x45, 0x3E, 0x85, 0xEF, 0xF0, 0xDF, 0xE6, 0x83, 0x27, 0xC4, 0xF9, 0xAD, 0x45, 0x3E, 0x85,
    0xEF, 0xF0, 0x1F, 0xE6, 0x83, 0x27, 0xC4, 0xF9, 0xB1, 0x45, 0x3E, 0x85, 0xEF, 0xF0, 0x5F, 0xE5,
    0x83, 0x27, 0xC4, 0xF9, 0xB9, 0x45, 0x3E, 0x85, 0xEF, 0xF0, 0x9F, 0xE4, 0x83, 0x27, 0xC4, 0xF9,
    0xD9, 0x45, 0x3E, 0x85, 0xEF, 0xF0, 0xDF, 0xE3, 0x83, 0x27, 0x44, 0xFD, 0x9B, 0x97, 0xA7, 0x01,
    0x1B, 0x87, 0x07, 0x00, 0x83, 0x27, 0x84, 0xFD, 0x9B, 0x97, 0x97, 0x01, 0x81, 0x27, 0xD9, 0x8F,
    0x1B, 0x87, 0x07, 0x00, 0x83, 0x27, 0x04, 0xFE, 0x9B, 0x97, 0x37, 0x01, 0x81, 0x27, 0xD9, 0x8F,
    0x1B, 0x87, 0x07, 0x00, 0x83, 0x27, 0xC4, 0xFD, 0x9B, 0x97, 0xD7, 0x00, 0x81, 0x27, 0xD9, 0x8F,
    0x1B, 0x87, 0x07, 0x00, 0x83, 0x27, 0x44, 0xFE, 0x9B, 0x97, 0x87, 0x00, 0x81, 0x27, 0xD9, 0x8F,
    0x81, 0x27, 0x03, 0x67, 0x04, 0xFC, 0x93, 0xE7, 0xF7, 0x0F, 0x81, 0x27, 0x1C, 0xC3, 0x83, 0x27,
    0x04, 0xFD, 0x9B, 0x97, 0xA7, 0x01, 0x1B, 0x87, 0x07, 0x00, 0x83, 0x27, 0x44, 0xFC, 0x9B, 0x97,
    0x87, 0x00, 0x81, 0x27, 0xD9, 0x8F, 0x1B, 0x87, 0x07, 0x00, 0x83, 0x27, 0x84, 0xFC, 0x9B, 0x97,
    0x77, 0x00, 0x81, 0x27, 0xD9, 0x8F, 0x1B, 0x87, 0x07, 0x00, 0x83, 0x27, 0xC4, 0xFC, 0x9B, 0x97,
    0x67, 0x00, 0x81, 0x27, 0xD9, 0x8F, 0x81, 0x27, 0x03, 0x67, 0xC4, 0xFB, 0x93, 0xE7, 0x97, 0x01,
    0x81, 0x27, 0x1C, 0xC3, 0x85, 0x47, 0xA3, 0x05, 0xF4, 0xFE, 0x95, 0xA2, 0x83, 0x67, 0x04, 0xFC,
    0x9C, 0x43, 0x23, 0x26, 0xF4, 0xFE, 0x83, 0x27, 0xC4, 0xFE, 0x3E, 0x87, 0xB7, 0x07, 0x00, 0x10,
    0xFD, 0x17, 0xF9, 0x8F, 0x23, 0x26, 0xF4, 0xFE, 0x83, 0x47, 0xB4, 0xFE, 0x81, 0x27, 0x9B, 0x97,
    0xC7, 0x01, 0x81, 0x27, 0x03, 0x27, 0xC4, 0xFE, 0xD9, 0x8F, 0x23, 0x26, 0xF4, 0xFE, 0x83, 0x67,
    0x04, 0xFC, 0x3E, 0x87, 0x83, 0x27, 0xC4, 0xFE, 0x1C, 0xC3, 0x23, 0x05, 0x04, 0xFE, 0x01, 0xA2,
    0x83, 0x47, 0xA4, 0xFE, 0x1B, 0x87, 0x07, 0x00, 0xB7, 0x97, 0x00, 0x01, 0x93, 0x87, 0x07, 0x87,
    0xD9, 0x8F, 0x81, 0x27, 0x03, 0x67, 0x44, 0xFB, 0x81, 0x27, 0x1C, 0xC3, 0x83, 0x47, 0xB4, 0xFE,
    0x81, 0x27, 0x9B, 0x97, 0x87, 0x01, 0x1B, 0x87, 0x07, 0x00, 0xB7, 0x07, 0x80, 0x10, 0xD9, 0x8F,
    0x81, 0x27, 0x03, 0x67, 0x04, 0xFB, 0x81, 0x27, 0x1C, 0xC3, 0x83, 0x27, 0x84, 0xF9, 0x13, 0xF7,
    0xF7, 0x0F, 0x83, 0x27, 0xC4, 0xF9, 0x05, 0x46, 0xBA, 0x85, 0x3E, 0x85, 0xEF, 0xF0, 0x5F, 0xC4,
    0x83, 0x67, 0x04, 0xFC, 0x9C, 0x43, 0x23, 0x26, 0xF4, 0xFE, 0x83, 0x27, 0xC4, 0xFE, 0x3E, 0x87,
    0xB7, 0x07, 0x00, 0xF8, 0xFD, 0x17, 0xF9, 0x8F, 0x23, 0x26, 0xF4, 0xFE, 0x83, 0x27, 0xC4, 0xFE,
    0x3E, 0x87, 0xB7, 0x07, 0x00, 0x08, 0xD9, 0x8F, 0x23, 0x26, 0xF4, 0xFE, 0x83, 0x67, 0x04, 0xFC,
    0x3E, 0x87, 0x83, 0x27, 0xC4, 0xFE, 0x1C, 0xC3, 0x83, 0x27, 0xC4, 0xF9, 0x05, 0x46, 0x91, 0x45,
    0x3E, 0x85, 0xEF, 0xF0, 0xFF, 0xBF, 0x83, 0x67, 0x04, 0xFC, 0x9C, 0x43, 0x23, 0x26, 0xF4, 0xFE,
    0x83, 0x27, 0xC4, 0xFE, 0x3E, 0x87, 0xB7, 0x07, 0x00, 0xF8, 0xFD, 0x17, 0xF9, 0x8F, 0x23, 0x26,
    0xF4, 0xFE, 0x83, 0x27, 0xC4, 0xFE, 0x3E, 0x87, 0xB7, 0x07, 0x00, 0x08, 0xD9, 0x8F, 0x23, 0x26,
    0xF4, 0xFE, 0x83, 0x67, 0x04, 0xFC, 0x3E, 0x87, 0x83, 0x27, 0xC4, 0xFE, 0x1C, 0xC3, 0x83, 0x67,
    0xC4, 0xFA, 0x9C, 0x43, 0x23, 0x26, 0xF4, 0xFE, 0x31, 0xA0, 0x83, 0x67, 0xC4, 0xFA, 0x9C, 0x43,
    0x23, 0x26, 0xF4, 0xFE, 0x83, 0x27, 0xC4, 0xFE, 0xE1, 0x8B, 0x81, 0x27, 0x3E, 0x87, 0xE1, 0x47,
    0xE3, 0x15, 0xF7, 0xFE, 0x83, 0x47, 0xA4, 0xFE, 0x85, 0x27, 0x23, 0x05, 0xF4, 0xFE, 0x83, 0x47,
    0xA4, 0xFE, 0x3E, 0x87, 0x83, 0x47, 0x94, 0xFE, 0x13, 0x77, 0xF7, 0x0F, 0x93, 0xF7, 0xF7, 0x0F,
    0xE3, 0x68, 0xF7, 0xEE, 0x83, 0x47, 0xB4, 0xFE, 0x85, 0x27, 0xA3, 0x05, 0xF4, 0xFE, 0x83, 0x47,
    0xB4, 0xFE, 0x1B, 0x87, 0x07, 0x00, 0x83, 0x27, 0xC4, 0xF8, 0x81, 0x27, 0xE3, 0xF8, 0xE7, 0xE8,
    0x83, 0x27, 0xC4, 0xF9, 0x9B, 0x87, 0x87, 0x02, 0x81, 0x27, 0x82, 0x17, 0x81, 0x93, 0x3E, 0x87,
    0xB7, 0x87, 0x00, 0x13, 0x1C, 0xC3, 0x83, 0x27, 0xC4, 0xF9, 0xB5, 0x45, 0x3E, 0x85, 0xEF, 0xF0,
    0x3F, 0xC0, 0x83, 0x27, 0x84, 0xF9, 0x13, 0xF7, 0xF7, 0x0F, 0x83, 0x27, 0xC4, 0xF9, 0x01, 0x46,
    0xBA, 0x85, 0x3E, 0x85, 0xEF, 0xF0, 0xDF, 0xB2, 0x01, 0x00, 0xE6, 0x70, 0x46, 0x74, 0x09, 0x61,
    0x82, 0x80, 0x1D, 0x71, 0xA2, 0xEC, 0x80, 0x10, 0x2A, 0x8E, 0x23, 0x30, 0xB4, 0xFC, 0x32, 0x83,
    0x36, 0x85, 0xBA, 0x85, 0x3E, 0x86, 0xC2, 0x86, 0x46, 0x87, 0xF2, 0x87, 0x23, 0x26, 0xF4, 0xFC,
    0x9A, 0x87, 0x23, 0x24, 0xF4, 0xFC, 0xAA, 0x87, 0x23, 0x2E, 0xF4, 0xFA, 0xAE, 0x87, 0x23, 0x2C,
    0xF4, 0xFA, 0xB2, 0x87, 0x23, 0x2A, 0xF4, 0xFA, 0xB6, 0x87, 0x23, 0x28, 0xF4, 0xFA, 0xBA, 0x87,
    0x23, 0x26, 0xF4, 0xFA, 0x83, 0x27, 0xC4, 0xFC, 0x3E, 0x87, 0x85, 0x67, 0x9B, 0x87, 0x87, 0x3E,
    0xB9, 0x9F, 0x23, 0x22, 0xF4, 0xFE, 0x83, 0x27, 0xC4, 0xFC, 0x3E, 0x87, 0x85, 0x67, 0x9B, 0x87,
    0x07, 0x3D, 0xB9, 0x9F, 0x23, 0x20, 0xF4, 0xFE, 0x83, 0x27, 0xC4, 0xFC, 0x3E, 0x87, 0x85, 0x67,
    0x9B, 0x87, 0xC7, 0x3F, 0xB9, 0x9F, 0x23, 0x2E, 0xF4, 0xFC, 0x83, 0x27, 0xC4, 0xFB, 0x9B, 0x97,
    0xF7, 0x01, 0x1B, 0x87, 0x07, 0x00, 0x83, 0x27, 0x84, 0xFB, 0x9B, 0x97, 0x87, 0x01, 0x81, 0x27,
    0xD9, 0x8F, 0x1B, 0x87, 0x07, 0x00, 0x83, 0x27, 0x44, 0xFB, 0x9B, 0x97, 0x07, 0x01, 0x81, 0x27,
    0xD9, 0x8F, 0x1B, 0x87, 0x07, 0x00, 0x83, 0x27, 0x04, 0xFB, 0x9B, 0x97, 0x87, 0x00, 0x81, 0x27,
    0xD9, 0x8F, 0x81, 0x27, 0x03, 0x67, 0x44, 0xFE, 0x83, 0x26, 0xC4, 0xFA, 0xD5, 0x8F, 0x81, 0x27,
    0x1C, 0xC3, 0x85, 0x47, 0xA3, 0x05, 0xF4, 0xFE, 0xA9, 0xA0, 0x83, 0x47, 0xB4, 0xFE, 0x81, 0x27,
    0x9B, 0x97, 0x87, 0x01, 0x1B, 0x87, 0x07, 0x00, 0xB7, 0x07, 0x40, 0x10, 0xD9, 0x8F, 0x81, 0x27,
    0x03, 0x67, 0x04, 0xFE, 0x81, 0x27, 0x1C, 0xC3, 0x83, 0x67, 0xC4, 0xFD, 0x9C, 0x43, 0x23, 0x26,
    0xF4, 0xFE, 0x31, 0xA0, 0x83, 0x67, 0xC4, 0xFD, 0x9C, 0x43, 0x23, 0x26, 0xF4, 0xFE, 0x83, 0x27,
    0xC4, 0xFE, 0x85, 0x8B, 0x81, 0x27, 0xFD, 0xD7, 0x83, 0x47, 0xB4, 0xFE, 0x85, 0x27, 0xA3, 0x05,
    0xF4, 0xFE, 0x83, 0x47, 0xB4, 0xFE, 0x1B, 0x87, 0x07, 0x00, 0x1C, 0x40, 0x81, 0x27, 0xE3, 0xF6,
    0xE7, 0xFA, 0x01, 0x00, 0x01, 0x00, 0x66, 0x64, 0x25, 0x61, 0x82, 0x80, 0x39, 0x71, 0x06, 0xFC,
    0x22, 0xF8, 0x80, 0x00, 0xAA, 0x87, 0xAE, 0x86, 0x32, 0x87, 0x23, 0x26, 0xF4, 0xFC, 0xB6, 0x87,
    0x23, 0x24, 0xF4, 0xFC, 0xBA, 0x87, 0x23, 0x22, 0xF4, 0xFC, 0x83, 0x27, 0xC4, 0xFC, 0x3E, 0x87,
    0xB7, 0x07, 0x04, 0x00, 0xB9, 0x9F, 0x23, 0x22, 0xF4, 0xFE, 0x83, 0x27, 0xC4, 0xFC, 0x3E, 0x87,
    0x85, 0x67, 0x9B, 0x87, 0x07, 0x3D, 0xB9, 0x9F, 0x23, 0x20, 0xF4, 0xFE, 0x83, 0x27, 0xC4, 0xFC,
    0x3E, 0x87, 0x85, 0x67, 0x9B, 0x87, 0xC7, 0x3F, 0xB9, 0x9F, 0x23, 0x2E, 0xF4, 0xFC, 0x85, 0x47,
    0xA3, 0x05, 0xF4, 0xFE, 0x51, 0xA8, 0x83, 0x47, 0xB4, 0xFE, 0x81, 0x27, 0x9B, 0x97, 0x87, 0x01,
    0x1B, 0x87, 0x07, 0x00, 0xB7, 0x07, 0x10, 0x10, 0xD9, 0x8F, 0x81, 0x27, 0x03, 0x67, 0x04, 0xFE,
    0x81, 0x27, 0x1C, 0xC3, 0x83, 0x67, 0xC4, 0xFD, 0x9C, 0x43, 0x23, 0x26, 0xF4, 0xFE, 0x31, 0xA0,
    0x83, 0x67, 0xC4, 0xFD, 0x9C, 0x43, 0x23, 0x26, 0xF4, 0xFE, 0x83, 0x27, 0xC4, 0xFE, 0x89, 0x8B,
    0x81, 0x27, 0xFD, 0xD7, 0x83, 0x27, 0xC4, 0xFE, 0x99, 0x8B, 0x81, 0x27, 0x3E, 0x87, 0x99, 0x47,
    0x63, 0x1D, 0xF7, 0x00, 0x97, 0x37, 0x00, 0x00, 0x93, 0x87, 0x47, 0x43, 0x9C, 0x63, 0x17, 0x35,
    0x00, 0x00, 0x13, 0x05, 0x25, 0xFC, 0x82, 0x97, 0x1D, 0xA0, 0x83, 0x27, 0xC4, 0xFE, 0x99, 0x8B,
    0x81, 0x27, 0x3E, 0x87, 0x89, 0x47, 0x63, 0x1C, 0xF7, 0x00, 0x97, 0x37, 0x00, 0x00, 0x93, 0x87,
    0xE7, 0x40, 0x9C, 0x63, 0x17, 0x35, 0x00, 0x00, 0x13, 0x05, 0xC5, 0xFB, 0x82, 0x97, 0x83, 0x47,
    0xB4, 0xFE, 0x85, 0x27, 0xA3, 0x05, 0xF4, 0xFE, 0x83, 0x47, 0xB4, 0xFE, 0x1B, 0x87, 0x07, 0x00,
    0x83, 0x27, 0x84, 0xFC, 0x81, 0x27, 0xE3, 0xF0, 0xE7, 0xF6, 0x97, 0x37, 0x00, 0x00, 0x93, 0x87,
    0xE7, 0x3D, 0x9C, 0x63, 0x03, 0x27, 0x44, 0xFC, 0x1B, 0x17, 0xE7, 0x00, 0x01, 0x27, 0x83, 0x26,
    0x44, 0xFE, 0x35, 0x9F, 0x01, 0x27, 0x1B, 0x07, 0x07, 0x07, 0x9B, 0x06, 0x07, 0x00, 0x03, 0x27,
    0x44, 0xFC, 0x1B, 0x17, 0xE7, 0x00, 0x01, 0x27, 0x03, 0x26, 0x44, 0xFE, 0x31, 0x9F, 0x01, 0x27,
    0x1B, 0x07, 0x07, 0x07, 0x01, 0x27, 0x02, 0x17, 0x01, 0x93, 0x18, 0x43, 0x01, 0x27, 0x3A, 0x86,
    0xB6, 0x85, 0x17, 0x35, 0x00, 0x00, 0x13, 0x05, 0xE5, 0xF6, 0x82, 0x97, 0x97, 0x37, 0x00, 0x00,
    0x93, 0x87, 0xC7, 0x38, 0x9C, 0x63, 0x03, 0x27, 0x44, 0xFC, 0x1B, 0x17, 0xE7, 0x00, 0x01, 0x27,
    0x83, 0x26, 0x44, 0xFE, 0x35, 0x9F, 0x01, 0x27, 0x1B, 0x07, 0x07, 0x17, 0x9B, 0x06, 0x07, 0x00,
    0x03, 0x27, 0x44, 0xFC, 0x1B, 0x17, 0xE7, 0x00, 0x01, 0x27, 0x03, 0x26, 0x44, 0xFE, 0x31, 0x9F,
    0x01, 0x27, 0x1B, 0x07, 0x07, 0x17, 0x01, 0x27, 0x02, 0x17, 0x01, 0x93, 0x18, 0x43, 0x01, 0x27,
    0x3A, 0x86, 0xB6, 0x85, 0x17, 0x35, 0x00, 0x00, 0x13, 0x05, 0xC5, 0xF1, 0x82, 0x97, 0x97, 0x37,
    0x00, 0x00, 0x93, 0x87, 0xA7, 0x33, 0x9C, 0x63, 0x03, 0x27, 0x44, 0xFC, 0x1B, 0x17, 0xE7, 0x00,
    0x01, 0x27, 0x83, 0x26, 0x44, 0xFE, 0x35, 0x9F, 0x9B, 0x06, 0x07, 0x00, 0x05, 0x67, 0x1B, 0x07,
    0x07, 0x07, 0x35, 0x9F, 0x9B, 0x05, 0x07, 0x00, 0x03, 0x27, 0x44, 0xFC, 0x1B, 0x17, 0xE7, 0x00,
    0x01, 0x27, 0x83, 0x26, 0x44, 0xFE, 0x35, 0x9F, 0x9B, 0x06, 0x07, 0x00, 0x05, 0x67, 0x1B, 0x07,
    0x07, 0x07, 0x35, 0x9F, 0x01, 0x27, 0x02, 0x17, 0x01, 0x93, 0x18, 0x43, 0x01, 0x27, 0x3A, 0x86,
    0x17, 0x35, 0x00, 0x00, 0x13, 0x05, 0x05, 0xEC, 0x82, 0x97, 0x97, 0x37, 0x00, 0x00, 0x93, 0x87,
    0xE7, 0x2D, 0x9C, 0x63, 0x03, 0x27, 0x44, 0xFC, 0x1B, 0x17, 0xE7, 0x00, 0x01, 0x27, 0x83, 0x26,
    0x44, 0xFE, 0x35, 0x9F, 0x9B, 0x06, 0x07, 0x00, 0x05, 0x67, 0x1B, 0x07, 0x07, 0x17, 0x35, 0x9F,
    0x9B, 0x05, 0x07, 0x00, 0x03, 0x27, 0x44, 0xFC, 0x1B, 0x17, 0xE7, 0x00, 0x01, 0x27, 0x83, 0x26,
    0x44, 0xFE, 0x35, 0x9F, 0x9B, 0x06, 0x07, 0x00, 0x05, 0x67, 0x1B, 0x07, 0x07, 0x17, 0x35, 0x9F,
    0x01, 0x27, 0x02, 0x17, 0x01, 0x93, 0x18, 0x43, 0x01, 0x27, 0x3A, 0x86, 0x17, 0x35, 0x00, 0x00,
    0x13, 0x05, 0x45, 0xE6, 0x82, 0x97, 0x01, 0x00, 0xE2, 0x70, 0x42, 0x74, 0x21, 0x61, 0x82, 0x80,
    0x1D, 0x71, 0x86, 0xEC, 0xA2, 0xE8, 0x80, 0x10, 0xAA, 0x88, 0x23, 0x38, 0xB4, 0xFA, 0x32, 0x85,
    0xB6, 0x85, 0x3A, 0x86, 0xBE, 0x86, 0x42, 0x87, 0xC6, 0x87, 0x23, 0x2E, 0xF4, 0xFA, 0xAA, 0x87,
    0x23, 0x2C, 0xF4, 0xFA, 0xAE, 0x87, 0x23, 0x26, 0xF4, 0xFA, 0xB2, 0x87, 0x23, 0x24, 0xF4, 0xFA,
    0xB6, 0x87, 0x23, 0x22, 0xF4, 0xFA, 0xBA, 0x87, 0x23, 0x20, 0xF4, 0xFA, 0x23, 0x22, 0x04, 0xFE,
    0x83, 0x27, 0xC4, 0xFB, 0x3E, 0x87, 0xB7, 0x07, 0x04, 0x00, 0xB9, 0x9F, 0x23, 0x20, 0xF4, 0xFE,
    0x83, 0x27, 0xC4, 0xFB, 0x3E, 0x87, 0x85, 0x67, 0x9B, 0x87, 0x07, 0x3D, 0xB9, 0x9F, 0x23, 0x2E,
    0xF4, 0xFC, 0x83, 0x27, 0xC4, 0xFB, 0x3E, 0x87, 0x85, 0x67, 0x9B, 0x87, 0xC7, 0x3F, 0xB9, 0x9F,
    0x23, 0x2C, 0xF4, 0xFC, 0x83, 0x27, 0xC4, 0xFB, 0x3E, 0x87, 0x85, 0x67, 0x9B, 0x87, 0xC7, 0x3E,
    0xB9, 0x9F, 0x23, 0x2A, 0xF4, 0xFC, 0x23, 0x28, 0x04, 0xFC, 0x83, 0x27, 0x44, 0xFA, 0x9B, 0x97,
    0x07, 0x01, 0x1B, 0x87, 0x07, 0x00, 0x83, 0x27, 0xC4, 0xFA, 0x9B, 0x97, 0x87, 0x00, 0x81, 0x27,
    0xD9, 0x8F, 0x81, 0x27, 0x03, 0x67, 0x44, 0xFD, 0x83, 0x26, 0x84, 0xFA, 0xD5, 0x8F, 0x81, 0x27,
    0x1C, 0xC3, 0x83, 0x27, 0x04, 0xFD, 0x23, 0x22, 0xF4, 0xFE, 0xBD, 0xA5, 0x83, 0x27, 0x84, 0xFB,
    0x9B, 0x97, 0xE7, 0x00, 0x81, 0x27, 0x03, 0x27, 0x04, 0xFE, 0xB9, 0x9F, 0x1B, 0x87, 0x07, 0x00,
    0x8D, 0x67, 0x91, 0x27, 0xB9, 0x9F, 0x81, 0x27, 0x82, 0x17, 0x81, 0x93, 0x9C, 0x43, 0x23, 0x26,
    0xF4, 0xFC, 0x83, 0x27, 0xC4, 0xFC, 0x3E, 0x87, 0xC1, 0x67, 0xFD, 0x17, 0xF9, 0x8F, 0x23, 0x26,
    0xF4, 0xFC, 0x83, 0x27, 0x44, 0xFE, 0x9B, 0x97, 0x07, 0x01, 0x1B, 0x87, 0x07, 0x00, 0x83, 0x27,
    0x44, 0xFE, 0x9B, 0x97, 0x47, 0x01, 0x81, 0x27, 0xD9, 0x8F, 0x1B, 0x87, 0x07, 0x00, 0x83, 0x27,
    0x44, 0xFE, 0x9B, 0x97, 0x87, 0x01, 0x81, 0x27, 0xD9, 0x8F, 0x1B, 0x87, 0x07, 0x00, 0x83, 0x27,
    0x44, 0xFE, 0x9B, 0x97, 0xC7, 0x01, 0x81, 0x27, 0xD9, 0x8F, 0x81, 0x27, 0x03, 0x27, 0xC4, 0xFC,
    0xD9, 0x8F, 0x23, 0x26, 0xF4, 0xFC, 0x83, 0x27, 0x84, 0xFB, 0x9B, 0x97, 0xE7, 0x00, 0x81, 0x27,
    0x03, 0x27, 0x04, 0xFE, 0xB9, 0x9F, 0x1B, 0x87, 0x07, 0x00, 0x8D, 0x67, 0x91, 0x27, 0xB9, 0x9F,
    0x81, 0x27, 0x82, 0x17, 0x81, 0x93, 0x3E, 0x87, 0x83, 0x27, 0xC4, 0xFC, 0x1C, 0xC3, 0x83, 0x27,
    0x84, 0xFB, 0x9B, 0x97, 0xE7, 0x00, 0x81, 0x27, 0x03, 0x27, 0x04, 0xFE, 0xB9, 0x9F, 0x1B, 0x87,
    0x07, 0x00, 0x8D, 0x67, 0x9B, 0x87, 0x47, 0x20, 0xB9, 0x9F, 0x81, 0x27, 0x82, 0x17, 0x81, 0x93,
    0x3E, 0x87, 0x83, 0x27, 0xC4, 0xFC, 0x1C, 0xC3, 0x85, 0x47, 0xA3, 0x05, 0xF4, 0xFE, 0xBD, 0xAB,
    0x83, 0x47, 0xB4, 0xFE, 0x81, 0x27, 0x9B, 0x97, 0x87, 0x01, 0x1B, 0x87, 0x07, 0x00, 0xB7, 0x07,
    0x20, 0x10, 0xD9, 0x8F, 0x81, 0x27, 0x03, 0x67, 0xC4, 0xFD, 0x81, 0x27, 0x1C, 0xC3, 0x83, 0x67,
    0x84, 0xFD, 0x9C, 0x43, 0x23, 0x26, 0xF4, 0xFE, 0x31, 0xA0, 0x83, 0x67, 0x84, 0xFD, 0x9C, 0x43,
    0x23, 0x26, 0xF4, 0xFE, 0x83, 0x27, 0xC4, 0xFE, 0x99, 0x8B, 0x81, 0x27, 0x3E, 0x87, 0x99, 0x47,
    0xE3, 0x15, 0xF7, 0xFE, 0x23, 0x05, 0x04, 0xFE, 0x4D, 0xA2, 0x83, 0x47, 0xA4, 0xFE, 0x81, 0x27,
    0x9B, 0x97, 0x27, 0x00, 0x81, 0x27, 0x1B, 0x87, 0x07, 0x00, 0xB7, 0x87, 0x05, 0xC0, 0x9B, 0x87,
    0x07, 0x20, 0xB9, 0x9F, 0x81, 0x27, 0x82, 0x17, 0x81, 0x93, 0x9C, 0x43, 0x1B, 0x86, 0x07, 0x00,
    0x83, 0x47, 0xB4, 0xFE, 0x81, 0x27, 0xFD, 0x37, 0x81, 0x27, 0x03, 0x47, 0xA4, 0xFE, 0x01, 0x27,
    0x1B, 0x17, 0x27, 0x00, 0x9B, 0x06, 0x07, 0x00, 0x32, 0x87, 0x13, 0x77, 0xF7, 0x0F, 0x03, 0x36,
    0x04, 0xFB, 0x83, 0x65, 0x44, 0xFE, 0x86, 0x05, 0xAE, 0x97, 0x96, 0x07, 0xB2, 0x97, 0xB6, 0x97,
    0x85, 0x66, 0xB6, 0x97, 0xA3, 0x85, 0xE7, 0x92, 0x83, 0x47, 0xA4, 0xFE, 0x81, 0x27, 0x9B, 0x97,
    0x27, 0x00, 0x81, 0x27, 0x1B, 0x87, 0x07, 0x00, 0xB7, 0x87, 0x05, 0xC0, 0x9B, 0x87, 0x07, 0x20,
    0xB9, 0x9F, 0x81, 0x27, 0x82, 0x17, 0x81, 0x93, 0x9C, 0x43, 0x81, 0x27, 0x9B, 0xD7, 0x87, 0x00,
    0x1B, 0x86, 0x07, 0x00, 0x83, 0x47, 0xB4, 0xFE, 0x81, 0x27, 0xFD, 0x37, 0x81, 0x27, 0x03, 0x47,
    0xA4, 0xFE, 0x01, 0x27, 0x1B, 0x17, 0x27, 0x00, 0x01, 0x27, 0x05, 0x27, 0x9B, 0x06, 0x07, 0x00,
    0x32, 0x87, 0x13, 0x77, 0xF7, 0x0F, 0x03, 0x36, 0x04, 0xFB, 0x83, 0x65, 0x44, 0xFE, 0x86, 0x05,
    0xAE, 0x97, 0x96, 0x07, 0xB2, 0x97, 0xB6, 0x97, 0x85, 0x66, 0xB6, 0x97, 0xA3, 0x85, 0xE7, 0x92,
    0x83, 0x47, 0xA4, 0xFE, 0x81, 0x27, 0x9B, 0x97, 0x27, 0x00, 0x81, 0x27, 0x1B, 0x87, 0x07, 0x00,
    0xB7, 0x87, 0x05, 0xC0, 0x9B, 0x87, 0x07, 0x20, 0xB9, 0x9F, 0x81, 0x27, 0x82, 0x17, 0x81, 0x93,
    0x9C, 0x43, 0x81, 0x27, 0x9B, 0xD7, 0x07, 0x01, 0x1B, 0x86, 0x07, 0x00, 0x83, 0x47, 0xB4, 0xFE,
    0x81, 0x27, 0xFD, 0x37, 0x81, 0x27, 0x03, 0x47, 0xA4, 0xFE, 0x01, 0x27, 0x1B, 0x17, 0x27, 0x00,
    0x01, 0x27, 0x09, 0x27, 0x9B, 0x06, 0x07, 0x00, 0x32, 0x87, 0x13, 0x77, 0xF7, 0x0F, 0x03, 0x36,
    0x04, 0xFB, 0x83, 0x65, 0x44, 0xFE, 0x86, 0x05, 0xAE, 0x97, 0x96, 0x07, 0xB2, 0x97, 0xB6, 0x97,
    0x85, 0x66, 0xB6, 0x97, 0xA3, 0x85, 0xE7, 0x92, 0x83, 0x47, 0xA4, 0xFE, 0x81, 0x27, 0x9B, 0x97,
    0x27, 0x00, 0x81, 0x27, 0x1B, 0x87, 0x07, 0x00, 0xB7, 0x87, 0x05, 0xC0, 0x9B, 0x87, 0x07, 0x20,
    0xB9, 0x9F, 0x81, 0x27, 0x82, 0x17, 0x81, 0x93, 0x9C, 0x43, 0x81, 0x27, 0x9B, 0xD7, 0x87, 0x01,
    0x1B, 0x86, 0x07, 0x00, 0x83, 0x47, 0xB4, 0xFE, 0x81, 0x27, 0xFD, 0x37, 0x81, 0x27, 0x03, 0x47,
    0xA4, 0xFE, 0x01, 0x27, 0x1B, 0x17, 0x27, 0x00, 0x01, 0x27, 0x0D, 0x27, 0x9B, 0x06, 0x07, 0x00,
    0x32, 0x87, 0x13, 0x77, 0xF7, 0x0F, 0x03, 0x36, 0x04, 0xFB, 0x83, 0x65, 0x44, 0xFE, 0x86, 0x05,
    0xAE, 0x97, 0x96, 0x07, 0xB2, 0x97, 0xB6, 0x97, 0x85, 0x66, 0xB6, 0x97, 0xA3, 0x85, 0xE7, 0x92,
    0x83, 0x47, 0xA4, 0xFE, 0x85, 0x27, 0x23, 0x05, 0xF4, 0xFE, 0x83, 0x47, 0xA4, 0xFE, 0x13, 0xF7,
    0xF7, 0x0F, 0x9D, 0x47, 0xE3, 0xFB, 0xE7, 0xE4, 0xB7, 0xB7, 0x00, 0x18, 0x8E, 0x07, 0x93, 0x87,
    0x07, 0x22, 0x9C, 0x43, 0x1B, 0x87, 0x07, 0x00, 0x83, 0x47, 0xB4, 0xFE, 0x81, 0x27, 0xFD, 0x37,
    0x81, 0x27, 0x13, 0x77, 0xF7, 0x0F, 0x83, 0x36, 0x04, 0xFB, 0x03, 0x66, 0x44, 0xFE, 0x06, 0x06,
    0xB2, 0x97, 0x93, 0x87, 0xC7, 0x46, 0x8A, 0x07, 0xB6, 0x97, 0xA3, 0x86, 0xE7, 0x00, 0xB7, 0xB7,
    0x00, 0x18, 0x8E, 0x07, 0x93, 0x87, 0x07, 0x22, 0x9C, 0x43, 0x81, 0x27, 0x9B, 0xD7, 0x87, 0x00,
    0x1B, 0x87, 0x07, 0x00, 0x83, 0x47, 0xB4, 0xFE, 0x81, 0x27, 0xFD, 0x37, 0x81, 0x27, 0x13, 0x77,
    0xF7, 0x0F, 0x83, 0x36, 0x04, 0xFB, 0x03, 0x66, 0x44, 0xFE, 0x06, 0x06, 0xB2, 0x97, 0x8A, 0x07,
    0xB6, 0x97, 0x85, 0x66, 0xB6, 0x97, 0x23, 0x8F, 0xE7, 0x1A, 0xB7, 0xB7, 0x00, 0x18, 0x8E, 0x07,
    0x93, 0x87, 0x07, 0x22, 0x9C, 0x43, 0x81, 0x27, 0x9B, 0xD7, 0x07, 0x01, 0x1B, 0x87, 0x07, 0x00,
    0x83, 0x47, 0xB4, 0xFE, 0x81, 0x27, 0xFD, 0x37, 0x81, 0x27, 0x13, 0x77, 0xF7, 0x0F, 0x83, 0x36,
    0x04, 0xFB, 0x03, 0x66, 0x44, 0xFE, 0x06, 0x06, 0xB2, 0x97, 0x8A, 0x07, 0xB6, 0x97, 0x85, 0x66,
    0xB6, 0x97, 0xA3, 0x8F, 0xE7, 0x1A, 0xB7, 0xB7, 0x00, 0x18, 0x8E, 0x07, 0x93, 0x87, 0x07, 0x22,
    0x9C, 0x43, 0x81, 0x27, 0x9B, 0xD7, 0x87, 0x01, 0x1B, 0x87, 0x07, 0x00, 0x83, 0x47, 0xB4, 0xFE,
    0x81, 0x27, 0xFD, 0x37, 0x81, 0x27, 0x13, 0x77, 0xF7, 0x0F, 0x83, 0x36, 0x04, 0xFB, 0x03, 0x66,
    0x44, 0xFE, 0x06, 0x06, 0xB2, 0x97, 0x8A, 0x07, 0xB6, 0x97, 0x85, 0x66, 0xB6, 0x97, 0x23, 0x80,
    0xE7, 0x1C, 0x23, 0x05, 0x04, 0xFE, 0x71, 0xA0, 0x83, 0x47, 0xB4, 0xFE, 0x81, 0x27, 0xFD, 0x37,
    0x81, 0x27, 0x9B, 0x97, 0x87, 0x00, 0x81, 0x27, 0x1B, 0x87, 0x07, 0x00, 0x83, 0x27, 0x84, 0xFB,
    0x9B, 0x97, 0xE7, 0x00, 0x81, 0x27, 0xB9, 0x9F, 0x81, 0x27, 0x03, 0x27, 0x04, 0xFE, 0xB9, 0x9F,
    0x1B, 0x87, 0x07, 0x00, 0x83, 0x47, 0xA4, 0xFE, 0x81, 0x27, 0x9B, 0x97, 0x27, 0x00, 0x81, 0x27,
    0x81, 0x27, 0xB9, 0x9F, 0x81, 0x27, 0x9B, 0x87, 0x07, 0x03, 0x81, 0x27, 0x82, 0x17, 0x81, 0x93,
    0x9C, 0x43, 0x81, 0x27, 0x13, 0xF7, 0xF7, 0x0F, 0x83, 0x47, 0xB4, 0xFE, 0x81, 0x27, 0xFD, 0x37,
    0x81, 0x27, 0x83, 0x46, 0xA4, 0xFE, 0x81, 0x26, 0x7D, 0x8B, 0x13, 0x77, 0xF7, 0x0F, 0x03, 0x36,
    0x04, 0xFB, 0x83, 0x65, 0x44, 0xFE, 0x86, 0x05, 0xAE, 0x97, 0x96, 0x07, 0xB2, 0x97, 0xB6, 0x97,
    0x85, 0x66, 0xB6, 0x97, 0xA3, 0x8E, 0xE7, 0xD2, 0x83, 0x47, 0xA4, 0xFE, 0x85, 0x27, 0x23, 0x05,
    0xF4, 0xFE, 0x83, 0x47, 0xA4, 0xFE, 0x13, 0xF7, 0xF7, 0x0F, 0x9D, 0x47, 0xE3, 0xF6, 0xE7, 0xF6,
    0x23, 0x05, 0x04, 0xFE, 0x59, 0xA8, 0x83, 0x47, 0xB4, 0xFE, 0x81, 0x27, 0xFD, 0x37, 0x81, 0x27,
    0x9B, 0x97, 0x87, 0x00, 0x81, 0x27, 0x81, 0x27, 0x03, 0x27, 0x04, 0xFE, 0xB9, 0x9F, 0x1B, 0x87,
    0x07, 0x00, 0x83, 0x27, 0x84, 0xFB, 0x9B, 0x97, 0xE7, 0x00, 0x81, 0x27, 0xB9, 0x9F, 0x1B, 0x87,
    0x07, 0x00, 0x83, 0x47, 0xA4, 0xFE, 0x81, 0x27, 0x9B, 0x97, 0x27, 0x00, 0x81, 0x27, 0x81, 0x27,
    0xB9, 0x9F, 0x1B, 0x87, 0x07, 0x00, 0x85, 0x67, 0x9B, 0x87, 0x07, 0x03, 0xB9, 0x9F, 0x81, 0x27,
    0x82, 0x17, 0x81, 0x93, 0x9C, 0x43, 0x81, 0x27, 0x13, 0xF7, 0xF7, 0x0F, 0x83, 0x47, 0xB4, 0xFE,
    0x81, 0x27, 0xFD, 0x37, 0x81, 0x27, 0x83, 0x46, 0xA4, 0xFE, 0x81, 0x26, 0xA1, 0x26, 0x81, 0x26,
    0x7D, 0x8B, 0x13, 0x77, 0xF7, 0x0F, 0x03, 0x36, 0x04, 0xFB, 0x83, 0x65, 0x44, 0xFE, 0x86, 0x05,
    0xAE, 0x97, 0x96, 0x07, 0xB2, 0x97, 0xB6, 0x97, 0x85, 0x66, 0xB6, 0x97, 0xA3, 0x8E, 0xE7, 0xD2,
    0x83, 0x47, 0xA4, 0xFE, 0x85, 0x27, 0x23, 0x05, 0xF4, 0xFE, 0x83, 0x47, 0xA4, 0xFE, 0x13, 0xF7,
    0xF7, 0x0F, 0x9D, 0x47, 0xE3, 0xF1, 0xE7, 0xF6, 0x23, 0x05, 0x04, 0xFE, 0x41, 0xA8, 0x83, 0x47,
    0xB4, 0xFE, 0x81, 0x27, 0xFD, 0x37, 0x81, 0x27, 0x9B, 0x97, 0x87, 0x00, 0x81, 0x27, 0x81, 0x27,
    0x03, 0x27, 0x04, 0xFE, 0xB9, 0x9F, 0x1B, 0x87, 0x07, 0x00, 0x83, 0x27, 0x84, 0xFB, 0x9B, 0x97,
    0xE7, 0x00, 0x81, 0x27, 0xB9, 0x9F, 0x1B, 0x87, 0x07, 0x00, 0x83, 0x47, 0xA4, 0xFE, 0x81, 0x27,
    0x9B, 0x97, 0x27, 0x00, 0x81, 0x27, 0x81, 0x27, 0xB9, 0x9F, 0x81, 0x27, 0x9B, 0x87, 0x07, 0x23,
    0x81, 0x27, 0x82, 0x17, 0x81, 0x93, 0x9C, 0x43, 0x81, 0x27, 0x13, 0xF7, 0xF7, 0x0F, 0x83, 0x47,
    0xB4, 0xFE, 0x81, 0x27, 0xFD, 0x37, 0x81, 0x27, 0x83, 0x46, 0xA4, 0xFE, 0x81, 0x26, 0xC1, 0x26,
    0x81, 0x26, 0x7D, 0x8B, 0x13, 0x77, 0xF7, 0x0F, 0x03, 0x36, 0x04, 0xFB, 0x83, 0x65, 0x44, 0xFE,
    0x86, 0x05, 0xAE, 0x97, 0x96, 0x07, 0xB2, 0x97, 0xB6, 0x97, 0x85, 0x66, 0xB6, 0x97, 0xA3, 0x8E,
    0xE7, 0xD2, 0x83, 0x47, 0xA4, 0xFE, 0x85, 0x27, 0x23, 0x05, 0xF4, 0xFE, 0x83, 0x47, 0xA4, 0xFE,
    0x13, 0xF7, 0xF7, 0x0F, 0x9D, 0x47, 0xE3, 0xF4, 0xE7, 0xF6, 0x23, 0x05, 0x04, 0xFE, 0x59, 0xA8,
    0x83, 0x47, 0xB4, 0xFE, 0x81, 0x27, 0xFD, 0x37, 0x81, 0x27, 0x9B, 0x97, 0x87, 0x00, 0x81, 0x27,
    0x81, 0x27, 0x03, 0x27, 0x04, 0xFE, 0xB9, 0x9F, 0x1B, 0x87, 0x07, 0x00, 0x83, 0x27, 0x84, 0xFB,
    0x9B, 0x97, 0xE7, 0x00, 0x81, 0x27, 0xB9, 0x9F, 0x1B, 0x87, 0x07, 0x00, 0x83, 0x47, 0xA4, 0xFE,
    0x81, 0x27, 0x9B, 0x97, 0x27, 0x00, 0x81, 0x27, 0x81, 0x27, 0xB9, 0x9F, 0x1B, 0x87, 0x07, 0x00,
    0x85, 0x67, 0x9B, 0x87, 0x07, 0x23, 0xB9, 0x9F, 0x81, 0x27, 0x82, 0x17, 0x81, 0x93, 0x9C, 0x43,
    0x81, 0x27, 0x13, 0xF7, 0xF7, 0x0F, 0x83, 0x47, 0xB4, 0xFE, 0x81, 0x27, 0xFD, 0x37, 0x81, 0x27,
    0x83, 0x46, 0xA4, 0xFE, 0x81, 0x26, 0xE1, 0x26, 0x81, 0x26, 0x7D, 0x8B, 0x13, 0x77, 0xF7, 0x0F,
    0x03, 0x36, 0x04, 0xFB, 0x83, 0x65, 0x44, 0xFE, 0x86, 0x05, 0xAE, 0x97, 0x96, 0x07, 0xB2, 0x97,
    0xB6, 0x97, 0x85, 0x66, 0xB6, 0x97, 0xA3, 0x8E, 0xE7, 0xD2, 0x83, 0x47, 0xA4, 0xFE, 0x85, 0x27,
    0x23, 0x05, 0xF4, 0xFE, 0x83, 0x47, 0xA4, 0xFE, 0x13, 0xF7, 0xF7, 0x0F, 0x9D, 0x47, 0xE3, 0xF1,
    0xE7, 0xF6, 0x83, 0x47, 0xB4, 0xFE, 0x85, 0x27, 0xA3, 0x05, 0xF4, 0xFE, 0x83, 0x47, 0xB4, 0xFE,
    0x1B, 0x87, 0x07, 0x00, 0x83, 0x27, 0x04, 0xFA, 0x81, 0x27, 0xE3, 0xFB, 0xE7, 0xA6, 0x83, 0x27,
    0x44, 0xFE, 0x85, 0x27, 0x23, 0x22, 0xF4, 0xFE, 0x83, 0x27, 0x44, 0xFE, 0x1B, 0x87, 0x07, 0x00,
    0xBD, 0x47, 0xE3, 0xF5, 0xE7, 0x98, 0x83, 0x27, 0x04, 0xFE, 0x3E, 0x87, 0xE1, 0x67, 0xB9, 0x9F,
    0x81, 0x27, 0x82, 0x17, 0x81, 0x93, 0x9C, 0x43, 0x9B, 0x86, 0x07, 0x00, 0x83, 0x27, 0x04, 0xFE,
    0x3E, 0x87, 0xE1, 0x67, 0xB9, 0x9F, 0x81, 0x27, 0x82, 0x17, 0x81, 0x93, 0x3E, 0x87, 0xB6, 0x87,
    0xED, 0x9B, 0x81, 0x27, 0x1C, 0xC3, 0x83, 0x27, 0x04, 0xFA, 0xBE, 0x85, 0x03, 0x35, 0x04, 0xFB,
    0xEF, 0xE0, 0xCF, 0xDF, 0x97, 0x37, 0x00, 0x00, 0x93, 0x87, 0x47, 0xB0, 0x9C, 0x63, 0x83, 0x36,
    0x04, 0xFB, 0x05, 0x67, 0x36, 0x97, 0x03, 0x47, 0xC7, 0xD3, 0x01, 0x27, 0xBA, 0x85, 0x17, 0x25,
    0x00, 0x00, 0x13, 0x05, 0x25, 0x6E, 0x82, 0x97, 0x83, 0x27, 0x84, 0xFB, 0x9B, 0x97, 0xE7, 0x00,
    0x81, 0x27, 0x03, 0x27, 0x04, 0xFE, 0xB9, 0x9F, 0x1B, 0x87, 0x07, 0x00, 0x8D, 0x67, 0x91, 0x27,
    0xB9, 0x9F, 0x81, 0x27, 0x82, 0x17, 0x81, 0x93, 0x9C, 0x43, 0x23, 0x26, 0xF4, 0xFC, 0x83, 0x27,
    0xC4, 0xFC, 0x3E, 0x87, 0xC1, 0x67, 0xFD, 0x17, 0xF9, 0x8F, 0x23, 0x26, 0xF4, 0xFC, 0x03, 0x37,
    0x04, 0xFB, 0x85, 0x67, 0xBA, 0x97, 0x83, 0xC7, 0xC7, 0xD3, 0x81, 0x27, 0x9B, 0x97, 0x07, 0x01,
    0x1B, 0x87, 0x07, 0x00, 0x83, 0x36, 0x04, 0xFB, 0x85, 0x67, 0xB6, 0x97, 0x83, 0xC7, 0xC7, 0xD3,
    0x81, 0x27, 0x9B, 0x97, 0x47, 0x01, 0x81, 0x27, 0xD9, 0x8F, 0x1B, 0x87, 0x07, 0x00, 0x83, 0x36,
    0x04, 0xFB, 0x85, 0x67, 0xB6, 0x97, 0x83, 0xC7, 0xC7, 0xD3, 0x81, 0x27, 0x9B, 0x97, 0x87, 0x01,
    0x81, 0x27, 0xD9, 0x8F, 0x1B, 0x87, 0x07, 0x00, 0x83, 0x36, 0x04, 0xFB, 0x85, 0x67, 0xB6, 0x97,
    0x83, 0xC7, 0xC7, 0xD3, 0x81, 0x27, 0x9B, 0x97, 0xC7, 0x01, 0x81, 0x27, 0xD9, 0x8F, 0x81, 0x27,
    0x81, 0x27, 0x03, 0x27, 0xC4, 0xFC, 0xD9, 0x8F, 0x23, 0x26, 0xF4, 0xFC, 0x83, 0x27, 0x84, 0xFB,
    0x9B, 0x97, 0xE7, 0x00, 0x81, 0x27, 0x03, 0x27, 0x04, 0xFE, 0xB9, 0x9F, 0x1B, 0x87, 0x07, 0x00,
    0x8D, 0x67, 0x91, 0x27, 0xB9, 0x9F, 0x81, 0x27, 0x82, 0x17, 0x81, 0x93, 0x3E, 0x87, 0x83, 0x27,
    0xC4, 0xFC, 0x1C, 0xC3, 0x83, 0x27, 0x84, 0xFB, 0x9B, 0x97, 0xE7, 0x00, 0x81, 0x27, 0x03, 0x27,
    0x04, 0xFE, 0xB9, 0x9F, 0x1B, 0x87, 0x07, 0x00, 0x8D, 0x67, 0x9B, 0x87, 0x47, 0x20, 0xB9, 0x9F,
    0x81, 0x27, 0x82, 0x17, 0x81, 0x93, 0x3E, 0x87, 0x83, 0x27, 0xC4, 0xFC, 0x1C, 0xC3, 0x85, 0x47,
    0xA3, 0x05, 0xF4, 0xFE, 0x81, 0xA8, 0x83, 0x47, 0xB4, 0xFE, 0x81, 0x27, 0x9B, 0x97, 0x87, 0x01,
    0x1B, 0x87, 0x07, 0x00, 0xB7, 0x07, 0x20, 0x10, 0xD9, 0x8F, 0x81, 0x27, 0x03, 0x67, 0xC4, 0xFD,
    0x81, 0x27, 0x1C, 0xC3, 0x83, 0x67, 0x84, 0xFD, 0x9C, 0x43, 0x23, 0x26, 0xF4, 0xFE, 0x31, 0xA0,
    0x83, 0x67, 0x84, 0xFD, 0x9C, 0x43, 0x23, 0x26, 0xF4, 0xFE, 0x83, 0x27, 0xC4, 0xFE, 0x99, 0x8B,
    0x81, 0x27, 0x3E, 0x87, 0x99, 0x47, 0xE3, 0x15, 0xF7, 0xFE, 0x83, 0x47, 0xB4, 0xFE, 0x85, 0x27,
    0xA3, 0x05, 0xF4, 0xFE, 0x83, 0x47, 0xB4, 0xFE, 0x1B, 0x87, 0x07, 0x00, 0x83, 0x27, 0x04, 0xFA,
    0x81, 0x27, 0xE3, 0xF2, 0xE7, 0xFA, 0x01, 0x00, 0x01, 0x00, 0xE6, 0x60, 0x46, 0x64, 0x25, 0x61,
    0x82, 0x80, 0x01, 0x11, 0x22, 0xEC, 0x00, 0x10, 0x23, 0x26, 0x04, 0xFE, 0x23, 0x26, 0x04, 0xFE,
    0x31, 0xA0, 0x83, 0x27, 0xC4, 0xFE, 0x85, 0x27, 0x23, 0x26, 0xF4, 0xFE, 0x83, 0x27, 0xC4, 0xFE,
    0x1B, 0x87, 0x07, 0x00, 0xA1, 0x67, 0xE3, 0x66, 0xF7, 0xFE, 0x01, 0x00, 0x62, 0x64, 0x05, 0x61,
    0x82, 0x80, 0x5D, 0x71, 0x86, 0xE4, 0xA2, 0xE0, 0x80, 0x08, 0x23, 0x30, 0xB4, 0xFC, 0xB2, 0x85,
    0x36, 0x86, 0xBA, 0x86, 0x3E, 0x87, 0xAA, 0x87, 0x23, 0x26, 0xF4, 0xFC, 0xAE, 0x87, 0x23, 0x24,
    0xF4, 0xFC, 0xB2, 0x87, 0x23, 0x2E, 0xF4, 0xFA, 0xB6, 0x87, 0x23, 0x2C, 0xF4, 0xFA, 0xBA, 0x87,
    0x23, 0x2A, 0xF4, 0xFA, 0x83, 0x27, 0xC4, 0xFC, 0x3E, 0x87, 0xB7, 0x07, 0x04, 0x00, 0xB9, 0x9F,
    0x23, 0x22, 0xF4, 0xFE, 0x83, 0x27, 0xC4, 0xFC, 0x3E, 0x87, 0x85, 0x67, 0x9B, 0x87, 0x07, 0x3D,
    0xB9, 0x9F, 0x23, 0x20, 0xF4, 0xFE, 0x83, 0x27, 0xC4, 0xFC, 0x3E, 0x87, 0x85, 0x67, 0x9B, 0x87,
    0xC7, 0x3F, 0xB9, 0x9F, 0x23, 0x2E, 0xF4, 0xFC, 0x83, 0x27, 0xC4, 0xFC, 0x3E, 0x87, 0x85, 0x67,
    0x9B, 0x87, 0x87, 0x3F, 0xB9, 0x9F, 0x23, 0x2C, 0xF4, 0xFC, 0x83, 0x27, 0x84, 0xFB, 0x9B, 0x97,
    0x67, 0x00, 0x81, 0x27, 0x03, 0x67, 0x84, 0xFD, 0x83, 0x26, 0xC4, 0xFB, 0xD5, 0x8F, 0x81, 0x27,
    0x1C, 0xC3, 0x23, 0x05, 0x04, 0xFE, 0xF9, 0xAF, 0x83, 0x27, 0xC4, 0xFC, 0x9B, 0x87, 0xC7, 0x30,
    0x81, 0x27, 0x82, 0x17, 0x81, 0x93, 0x9C, 0x43, 0x23, 0x26, 0xF4, 0xFE, 0x83, 0x27, 0xC4, 0xFE,
    0x3E, 0x87, 0xB7, 0x07, 0xC1, 0xFF, 0xFD, 0x17, 0xF9, 0x8F, 0x23, 0x26, 0xF4, 0xFE, 0x83, 0x47,
    0xA4, 0xFE, 0x81, 0x27, 0x03, 0x37, 0x04, 0xFC, 0xBA, 0x97, 0x83, 0xC7, 0x07, 0x00, 0x81, 0x27,
    0x9B, 0x97, 0x07, 0x01, 0x81, 0x27, 0x03, 0x27, 0xC4, 0xFE, 0xD9, 0x8F, 0x23, 0x26, 0xF4, 0xFE,
    0x83, 0x27, 0xC4, 0xFC, 0x9B, 0x87, 0xC7, 0x30, 0x81, 0x27, 0x82, 0x17, 0x81, 0x93, 0x3E, 0x87,
    0x83, 0x27, 0xC4, 0xFE, 0x1C, 0xC3, 0x83, 0x27, 0xC4, 0xFC, 0x9B, 0x87, 0x47, 0x02, 0x81, 0x27,
    0x82, 0x17, 0x81, 0x93, 0x3E, 0x87, 0xB7, 0x07, 0x02, 0x13, 0xB9, 0x07, 0x1C, 0xC3, 0x85, 0x47,
    0xA3, 0x05, 0xF4, 0xFE, 0x91, 0xA7, 0x83, 0x47, 0xB4, 0xFE, 0x81, 0x27, 0x9B, 0x97, 0x87, 0x01,
    0x1B, 0x87, 0x07, 0x00, 0xB7, 0x07, 0x08, 0x10, 0xD9, 0x8F, 0x81, 0x27, 0x03, 0x67, 0x04, 0xFE,
    0x81, 0x27, 0x1C, 0xC3, 0x83, 0x67, 0xC4, 0xFD, 0x9C, 0x43, 0x23, 0x26, 0xF4, 0xFE, 0x31, 0xA0,
    0x83, 0x67, 0xC4, 0xFD, 0x9C, 0x43, 0x23, 0x26, 0xF4, 0xFE, 0x83, 0x27, 0xC4, 0xFE, 0x93, 0xF7,
    0x07, 0x06, 0x81, 0x27, 0x3E, 0x87, 0x93, 0x07, 0x00, 0x06, 0xE3, 0x13, 0xF7, 0xFE, 0xA3, 0x04,
    0x04, 0xFE, 0x4D, 0xA2, 0x83, 0x47, 0x94, 0xFE, 0x81, 0x27, 0x9B, 0x97, 0x27, 0x00, 0x81, 0x27,
    0x1B, 0x87, 0x07, 0x00, 0xB7, 0x87, 0x05, 0xC0, 0x9B, 0x87, 0x07, 0x30, 0xB9, 0x9F, 0x81, 0x27,
    0x82, 0x17, 0x81, 0x93, 0x9C, 0x43, 0x1B, 0x86, 0x07, 0x00, 0x83, 0x47, 0xA4, 0xFE, 0x9B, 0x85,
    0x07, 0x00, 0x83, 0x47, 0xB4, 0xFE, 0x81, 0x27, 0xFD, 0x37, 0x81, 0x27, 0x03, 0x47, 0x94, 0xFE,
    0x01, 0x27, 0x1B, 0x17, 0x27, 0x00, 0x9B, 0x06, 0x07, 0x00, 0x32, 0x87, 0x13, 0x77, 0xF7, 0x0F,
    0x03, 0x36, 0x04, 0xFC, 0x86, 0x05, 0xAE, 0x97, 0x96, 0x07, 0xB2, 0x97, 0xB6, 0x97, 0x23, 0x88,
    0xE7, 0x40, 0x83, 0x47, 0x94, 0xFE, 0x81, 0x27, 0x9B, 0x97, 0x27, 0x00, 0x81, 0x27, 0x1B, 0x87,
    0x07, 0x00, 0xB7, 0x87, 0x05, 0xC0, 0x9B, 0x87, 0x07, 0x30, 0xB9, 0x9F, 0x81, 0x27, 0x82, 0x17,
    0x81, 0x93, 0x9C, 0x43, 0x81, 0x27, 0x9B, 0xD7, 0x87, 0x00, 0x1B, 0x86, 0x07, 0x00, 0x83, 0x47,
    0xA4, 0xFE, 0x9B, 0x85, 0x07, 0x00, 0x83, 0x47, 0xB4, 0xFE, 0x81, 0x27, 0xFD, 0x37, 0x81, 0x27,
    0x03, 0x47, 0x94, 0xFE, 0x01, 0x27, 0x1B, 0x17, 0x27, 0x00, 0x01, 0x27, 0x05, 0x27, 0x9B, 0x06,
    0x07, 0x00, 0x32, 0x87, 0x13, 0x77, 0xF7, 0x0F, 0x03, 0x36, 0x04, 0xFC, 0x86, 0x05, 0xAE, 0x97,
    0x96, 0x07, 0xB2, 0x97, 0xB6, 0x97, 0x23, 0x88, 0xE7, 0x40, 0x83, 0x47, 0x94, 0xFE, 0x81, 0x27,
    0x9B, 0x97, 0x27, 0x00, 0x81, 0x27, 0x1B, 0x87, 0x07, 0x00, 0xB7, 0x87, 0x05, 0xC0, 0x9B, 0x87,
    0x07, 0x30, 0xB9, 0x9F, 0x81, 0x27, 0x82, 0x17, 0x81, 0x93, 0x9C, 0x43, 0x81, 0x27, 0x9B, 0xD7,
    0x07, 0x01, 0x1B, 0x86, 0x07, 0x00, 0x83, 0x47, 0xA4, 0xFE, 0x9B, 0x85, 0x07, 0x00, 0x83, 0x47,
    0xB4, 0xFE, 0x81, 0x27, 0xFD, 0x37, 0x81, 0x27, 0x03, 0x47, 0x94, 0xFE, 0x01, 0x27, 0x1B, 0x17,
    0x27, 0x00, 0x01, 0x27, 0x09, 0x27, 0x9B, 0x06, 0x07, 0x00, 0x32, 0x87, 0x13, 0x77, 0xF7, 0x0F,
    0x03, 0x36, 0x04, 0xFC, 0x86, 0x05, 0xAE, 0x97, 0x96, 0x07, 0xB2, 0x97, 0xB6, 0x97, 0x23, 0x88,
    0xE7, 0x40, 0x83, 0x47, 0x94, 0xFE, 0x81, 0x27, 0x9B, 0x97, 0x27, 0x00, 0x81, 0x27, 0x1B, 0x87,
    0x07, 0x00, 0xB7, 0x87, 0x05, 0xC0, 0x9B, 0x87, 0x07, 0x30, 0xB9, 0x9F, 0x81, 0x27, 0x82, 0x17,
    0x81, 0x93, 0x9C, 0x43, 0x81, 0x27, 0x9B, 0xD7, 0x87, 0x01, 0x1B, 0x86, 0x07, 0x00, 0x83, 0x47,
    0xA4, 0xFE, 0x9B, 0x85, 0x07, 0x00, 0x83, 0x47, 0xB4, 0xFE, 0x81, 0x27, 0xFD, 0x37, 0x81, 0x27,
    0x03, 0x47, 0x94, 0xFE, 0x01, 0x27, 0x1B, 0x17, 0x27, 0x00, 0x01, 0x27, 0x0D, 0x27, 0x9B, 0x06,
    0x07, 0x00, 0x32, 0x87, 0x13, 0x77, 0xF7, 0x0F, 0x03, 0x36, 0x04, 0xFC, 0x86, 0x05, 0xAE, 0x97,
    0x96, 0x07, 0xB2, 0x97, 0xB6, 0x97, 0x23, 0x88, 0xE7, 0x40, 0x83, 0x47, 0x94, 0xFE, 0x85, 0x27,
    0xA3, 0x04, 0xF4, 0xFE, 0x83, 0x47, 0x94, 0xFE, 0x13, 0xF7, 0xF7, 0x0F, 0x9D, 0x47, 0xE3, 0xFB,
    0xE7, 0xE4, 0xB7, 0xB7, 0x00, 0x18, 0x8E, 0x07, 0x93, 0x87, 0x07, 0x32, 0x9C, 0x43, 0x1B, 0x87,
    0x07, 0x00, 0x83, 0x47, 0xA4, 0xFE, 0x1B, 0x86, 0x07, 0x00, 0x83, 0x47, 0xB4, 0xFE, 0x81, 0x27,
    0xFD, 0x37, 0x81, 0x27, 0x13, 0x77, 0xF7, 0x0F, 0x83, 0x36, 0x04, 0xFC, 0x06, 0x06, 0xB2, 0x97,
    0x93, 0x87, 0x87, 0x22, 0x8A, 0x07, 0xB6, 0x97, 0xA3, 0x80, 0xE7, 0x00, 0xB7, 0xB7, 0x00, 0x18,
    0x8E, 0x07, 0x93, 0x87, 0x07, 0x32, 0x9C, 0x43, 0x81, 0x27, 0x9B, 0xD7, 0x87, 0x00, 0x1B, 0x87,
    0x07, 0x00, 0x83, 0x47, 0xA4, 0xFE, 0x1B, 0x86, 0x07, 0x00, 0x83, 0x47, 0xB4, 0xFE, 0x81, 0x27,
    0xFD, 0x37, 0x81, 0x27, 0x13, 0x77, 0xF7, 0x0F, 0x83, 0x36, 0x04, 0xFC, 0x06, 0x06, 0xB2, 0x97,
    0x8A, 0x07, 0xB6, 0x97, 0x85, 0x66, 0xB6, 0x97, 0x23, 0x81, 0xE7, 0x8A, 0xB7, 0xB7, 0x00, 0x18,
    0x8E, 0x07, 0x93, 0x87, 0x07, 0x32, 0x9C, 0x43, 0x81, 0x27, 0x9B, 0xD7, 0x07, 0x01, 0x1B, 0x87,
    0x07, 0x00, 0x83, 0x47, 0xA4, 0xFE, 0x1B, 0x86, 0x07, 0x00, 0x83, 0x47, 0xB4, 0xFE, 0x81, 0x27,
    0xFD, 0x37, 0x81, 0x27, 0x13, 0x77, 0xF7, 0x0F, 0x83, 0x36, 0x04, 0xFC, 0x06, 0x06, 0xB2, 0x97,
    0x8A, 0x07, 0xB6, 0x97, 0x85, 0x66, 0xB6, 0x97, 0xA3, 0x81, 0xE7, 0x8A, 0xB7, 0xB7, 0x00, 0x18,
    0x8E, 0x07, 0x93, 0x87, 0x07, 0x32, 0x9C, 0x43, 0x81, 0x27, 0x9B, 0xD7, 0x87, 0x01, 0x1B, 0x87,
    0x07, 0x00, 0x83, 0x47, 0xA4, 0xFE, 0x1B, 0x86, 0x07, 0x00, 0x83, 0x47, 0xB4, 0xFE, 0x81, 0x27,
    0xFD, 0x37, 0x81, 0x27, 0x13, 0x77, 0xF7, 0x0F, 0x83, 0x36, 0x04, 0xFC, 0x06, 0x06, 0xB2, 0x97,
    0x8A, 0x07, 0xB6, 0x97, 0x85, 0x66, 0xB6, 0x97, 0x23, 0x82, 0xE7, 0x8A, 0xA3, 0x04, 0x04, 0xFE,
    0x61, 0xA0, 0x83, 0x47, 0xB4, 0xFE, 0x81, 0x27, 0xFD, 0x37, 0x81, 0x27, 0x9B, 0x97, 0x87, 0x00,
    0x81, 0x27, 0x1B, 0x87, 0x07, 0x00, 0x83, 0x27, 0x84, 0xFC, 0x9B, 0x97, 0xE7, 0x00, 0x81, 0x27,
    0xB9, 0x9F, 0x81, 0x27, 0x03, 0x27, 0x44, 0xFE, 0xB9, 0x9F, 0x1B, 0x87, 0x07, 0x00, 0x83, 0x47,
    0x94, 0xFE, 0x81, 0x27, 0x9B, 0x97, 0x27, 0x00, 0x81, 0x27, 0x81, 0x27, 0xB9, 0x9F, 0x81, 0x27,
    0x82, 0x17, 0x81, 0x93, 0x9C, 0x43, 0x81, 0x27, 0x13, 0xF7, 0xF7, 0x0F, 0x83, 0x47, 0xA4, 0xFE,
    0x9B, 0x85, 0x07, 0x00, 0x83, 0x47, 0xB4, 0xFE, 0x81, 0x27, 0xFD, 0x37, 0x81, 0x27, 0x83, 0x46,
    0x94, 0xFE, 0x81, 0x26, 0x13, 0x77, 0xF7, 0x03, 0x13, 0x77, 0xF7, 0x0F, 0x03, 0x36, 0x04, 0xFC,
    0x86, 0x05, 0xAE, 0x97, 0x96, 0x07, 0xB2, 0x97, 0xB6, 0x97, 0x23, 0x88, 0xE7, 0x00, 0x83, 0x47,
    0x94, 0xFE, 0x85, 0x27, 0xA3, 0x04, 0xF4, 0xFE, 0x83, 0x47, 0x94, 0xFE, 0x13, 0xF7, 0xF7, 0x0F,
    0x9D, 0x47, 0xE3, 0xF8, 0xE7, 0xF6, 0xA3, 0x04, 0x04, 0xFE, 0x51, 0xA8, 0x83, 0x47, 0xB4, 0xFE,
    0x81, 0x27, 0xFD, 0x37, 0x81, 0x27, 0x9B, 0x97, 0x87, 0x00, 0x81, 0x27, 0x81, 0x27, 0x03, 0x27,
    0x44, 0xFE, 0xB9, 0x9F, 0x1B, 0x87, 0x07, 0x00, 0x83, 0x27, 0x84, 0xFC, 0x9B, 0x97, 0xE7, 0x00,
    0x81, 0x27, 0xB9, 0x9F, 0x1B, 0x87, 0x07, 0x00, 0x83, 0x47, 0x94, 0xFE, 0x81, 0x27, 0x9B, 0x97,
    0x27, 0x00, 0x81, 0x27, 0x81, 0x27, 0xB9, 0x9F, 0x1B, 0x87, 0x07, 0x00, 0x85, 0x67, 0xB9, 0x9F,
    0x81, 0x27, 0x82, 0x17, 0x81, 0x93, 0x9C, 0x43, 0x81, 0x27, 0x13, 0xF7, 0xF7, 0x0F, 0x83, 0x47,
    0xA4, 0xFE, 0x9B, 0x85, 0x07, 0x00, 0x83, 0x47, 0xB4, 0xFE, 0x81, 0x27, 0xFD, 0x37, 0x81, 0x27,
    0x83, 0x46, 0x94, 0xFE, 0x81, 0x26, 0xA1, 0x26, 0x81, 0x26, 0x13, 0x77, 0xF7, 0x03, 0x13, 0x77,
    0xF7, 0x0F, 0x03, 0x36, 0x04, 0xFC, 0x86, 0x05, 0xAE, 0x97, 0x96, 0x07, 0xB2, 0x97, 0xB6, 0x97,
    0x23, 0x88, 0xE7, 0x00, 0x83, 0x47, 0x94, 0xFE, 0x85, 0x27, 0xA3, 0x04, 0xF4, 0xFE, 0x83, 0x47,
    0x94, 0xFE, 0x13, 0xF7, 0xF7, 0x0F, 0x9D, 0x47, 0xE3, 0xF2, 0xE7, 0xF6, 0xA3, 0x04, 0x04, 0xFE,
    0x49, 0xA8, 0x83, 0x47, 0xB4, 0xFE, 0x81, 0x27, 0xFD, 0x37, 0x81, 0x27, 0x9B, 0x97, 0x87, 0x00,
    0x81, 0x27, 0x81, 0x27, 0x03, 0x27, 0x44, 0xFE, 0xB9, 0x9F, 0x1B, 0x87, 0x07, 0x00, 0x83, 0x27,
    0x84, 0xFC, 0x9B, 0x97, 0xE7, 0x00, 0x81, 0x27, 0xB9, 0x9F, 0x1B, 0x87, 0x07, 0x00, 0x83, 0x47,
    0x94, 0xFE, 0x81, 0x27, 0x9B, 0x97, 0x27, 0x00, 0x81, 0x27, 0x81, 0x27, 0xB9, 0x9F, 0x81, 0x27,
    0x9B, 0x87, 0x07, 0x20, 0x81, 0x27, 0x82, 0x17, 0x81, 0x93, 0x9C, 0x43, 0x81, 0x27, 0x13, 0xF7,
    0xF7, 0x0F, 0x83, 0x47, 0xA4, 0xFE, 0x9B, 0x85, 0x07, 0x00, 0x83, 0x47, 0xB4, 0xFE, 0x81, 0x27,
    0xFD, 0x37, 0x81, 0x27, 0x83, 0x46, 0x94, 0xFE, 0x81, 0x26, 0xC1, 0x26, 0x81, 0x26, 0x13, 0x77,
    0xF7, 0x03, 0x13, 0x77, 0xF7, 0x0F, 0x03, 0x36, 0x04, 0xFC, 0x86, 0x05, 0xAE, 0x97, 0x96, 0x07,
    0xB2, 0x97, 0xB6, 0x97, 0x23, 0x88, 0xE7, 0x00, 0x83, 0x47, 0x94, 0xFE, 0x85, 0x27, 0xA3, 0x04,
    0xF4, 0xFE, 0x83, 0x47, 0x94, 0xFE, 0x13, 0xF7, 0xF7, 0x0F, 0x9D, 0x47, 0xE3, 0xF3, 0xE7, 0xF6,
    0xA3, 0x04, 0x04, 0xFE, 0x61, 0xA8, 0x83, 0x47, 0xB4, 0xFE, 0x81, 0x27, 0xFD, 0x37, 0x81, 0x27,
    0x9B, 0x97, 0x87, 0x00, 0x81, 0x27, 0x81, 0x27, 0x03, 0x27, 0x44, 0xFE, 0xB9, 0x9F, 0x1B, 0x87,
    0x07, 0x00, 0x83, 0x27, 0x84, 0xFC, 0x9B, 0x97, 0xE7, 0x00, 0x81, 0x27, 0xB9, 0x9F, 0x1B, 0x87,
    0x07, 0x00, 0x83, 0x47, 0x94, 0xFE, 0x81, 0x27, 0x9B, 0x97, 0x27, 0x00, 0x81, 0x27, 0x81, 0x27,
    0xB9, 0x9F, 0x1B, 0x87, 0x07, 0x00, 0x85, 0x67, 0x9B, 0x87, 0x07, 0x20, 0xB9, 0x9F, 0x81, 0x27,
    0x82, 0x17, 0x81, 0x93, 0x9C, 0x43, 0x81, 0x27, 0x13, 0xF7, 0xF7, 0x0F, 0x83, 0x47, 0xA4, 0xFE,
    0x9B, 0x85, 0x07, 0x00, 0x83, 0x47, 0xB4, 0xFE, 0x81, 0x27, 0xFD, 0x37, 0x81, 0x27, 0x83, 0x46,
    0x94, 0xFE, 0x81, 0x26, 0xE1, 0x26, 0x81, 0x26, 0x13, 0x77, 0xF7, 0x03, 0x13, 0x77, 0xF7, 0x0F,
    0x03, 0x36, 0x04, 0xFC, 0x86, 0x05, 0xAE, 0x97, 0x96, 0x07, 0xB2, 0x97, 0xB6, 0x97, 0x23, 0x88,
    0xE7, 0x00, 0x83, 0x47, 0x94, 0xFE, 0x85, 0x27, 0xA3, 0x04, 0xF4, 0xFE, 0x83, 0x47, 0x94, 0xFE,
    0x13, 0xF7, 0xF7, 0x0F, 0x9D, 0x47, 0xE3, 0xF0, 0xE7, 0xF6, 0x83, 0x47, 0xB4, 0xFE, 0x81, 0x27,
    0xFD, 0x37, 0x81, 0x27, 0x9B, 0x97, 0x87, 0x00, 0x81, 0x27, 0x1B, 0x87, 0x07, 0x00, 0x83, 0x27,
    0x84, 0xFC, 0x9B, 0x97, 0xE7, 0x00, 0x81, 0x27, 0xB9, 0x9F, 0x81, 0x27, 0x03, 0x27, 0x44, 0xFE,
    0xB9, 0x9F, 0x81, 0x27, 0x9B, 0x87, 0x07, 0x02, 0x81, 0x27, 0x82, 0x17, 0x81, 0x93, 0x9C, 0x43,
    0x81, 0x27, 0x13, 0xF7, 0xF7, 0x0F, 0x83, 0x47, 0xA4, 0xFE, 0x1B, 0x86, 0x07, 0x00, 0x83, 0x47,
    0xB4, 0xFE, 0x81, 0x27, 0xFD, 0x37, 0x81, 0x27, 0x13, 0x77, 0xF7, 0x03, 0x13, 0x77, 0xF7, 0x0F,
    0x83, 0x36, 0x04, 0xFC, 0x06, 0x06, 0xB2, 0x97, 0x93, 0x87, 0x87, 0x20, 0x8A, 0x07, 0xB6, 0x97,
    0xA3, 0x80, 0xE7, 0x00, 0x83, 0x47, 0xB4, 0xFE, 0x81, 0x27, 0xFD, 0x37, 0x81, 0x27, 0x9B, 0x97,
    0x87, 0x00, 0x81, 0x27, 0x81, 0x27, 0x03, 0x27, 0x44, 0xFE, 0xB9, 0x9F, 0x1B, 0x87, 0x07, 0x00,
    0x83, 0x27, 0x84, 0xFC, 0x9B, 0x97, 0xE7, 0x00, 0x81, 0x27, 0xB9, 0x9F, 0x1B, 0x87, 0x07, 0x00,
    0x85, 0x67, 0x9B, 0x87, 0x07, 0x02, 0xB9, 0x9F, 0x81, 0x27, 0x82, 0x17, 0x81, 0x93, 0x9C, 0x43,
    0x81, 0x27, 0x13, 0xF7, 0xF7, 0x0F, 0x83, 0x47, 0xA4, 0xFE, 0x1B, 0x86, 0x07, 0x00, 0x83, 0x47,
    0xB4, 0xFE, 0x81, 0x27, 0xFD, 0x37, 0x81, 0x27, 0x13, 0x77, 0xF7, 0x03, 0x13, 0x77, 0xF7, 0x0F,
    0x83, 0x36, 0x04, 0xFC, 0x06, 0x06, 0xB2, 0x97, 0x8A, 0x07, 0xB6, 0x97, 0x85, 0x66, 0xB6, 0x97,
    0x23, 0x81, 0xE7, 0x82, 0x83, 0x47, 0xB4, 0xFE, 0x81, 0x27, 0xFD, 0x37, 0x81, 0x27, 0x9B, 0x97,
    0x87, 0x00, 0x81, 0x27, 0x81, 0x27, 0x03, 0x27, 0x44, 0xFE, 0xB9, 0x9F, 0x1B, 0x87, 0x07, 0x00,
    0x83, 0x27, 0x84, 0xFC, 0x9B, 0x97, 0xE7, 0x00, 0x81, 0x27, 0xB9, 0x9F, 0x81, 0x27, 0x9B, 0x87,
    0x07, 0x22, 0x81, 0x27, 0x82, 0x17, 0x81, 0x93, 0x9C, 0x43, 0x81, 0x27, 0x13, 0xF7, 0xF7, 0x0F,
    0x83, 0x47, 0xA4, 0xFE, 0x1B, 0x86, 0x07, 0x00, 0x83, 0x47, 0xB4, 0xFE, 0x81, 0x27, 0xFD, 0x37,
    0x81, 0x27, 0x13, 0x77, 0xF7, 0x03, 0x13, 0x77, 0xF7, 0x0F, 0x83, 0x36, 0x04, 0xFC, 0x06, 0x06,
    0xB2, 0x97, 0x8A, 0x07, 0xB6, 0x97, 0x85, 0x66, 0xB6, 0x97, 0xA3, 0x81, 0xE7, 0x82, 0x83, 0x47,
    0xB4, 0xFE, 0x81, 0x27, 0xFD, 0x37, 0x81, 0x27, 0x9B, 0x97, 0x87, 0x00, 0x81, 0x27, 0x81, 0x27,
    0x03, 0x27, 0x44, 0xFE, 0xB9, 0x9F, 0x1B, 0x87, 0x07, 0x00, 0x83, 0x27, 0x84, 0xFC, 0x9B, 0x97,
    0xE7, 0x00, 0x81, 0x27, 0xB9, 0x9F, 0x1B, 0x87, 0x07, 0x00, 0x85, 0x67, 0x9B, 0x87, 0x07, 0x22,
    0xB9, 0x9F, 0x81, 0x27, 0x82, 0x17, 0x81, 0x93, 0x9C, 0x43, 0x81, 0x27, 0x13, 0xF7, 0xF7, 0x0F,
    0x83, 0x47, 0xA4, 0xFE, 0x1B, 0x86, 0x07, 0x00, 0x83, 0x47, 0xB4, 0xFE, 0x81, 0x27, 0xFD, 0x37,
    0x81, 0x27, 0x13, 0x77, 0xF7, 0x03, 0x13, 0x77, 0xF7, 0x0F, 0x83, 0x36, 0x04, 0xFC, 0x06, 0x06,
    0xB2, 0x97, 0x8A, 0x07, 0xB6, 0x97, 0x85, 0x66, 0xB6, 0x97, 0x23, 0x82, 0xE7, 0x82, 0x83, 0x47,
    0xB4, 0xFE, 0x85, 0x27, 0xA3, 0x05, 0xF4, 0xFE, 0x83, 0x47, 0xB4, 0xFE, 0x1B, 0x87, 0x07, 0x00,
    0x83, 0x27, 0x44, 0xFB, 0x81, 0x27, 0xE3, 0xF8, 0xE7, 0x8A, 0x83, 0x47, 0xA4, 0xFE, 0x85, 0x27,
    0x23, 0x05, 0xF4, 0xFE, 0x83, 0x47, 0xA4, 0xFE, 0x13, 0xF7, 0xF7, 0x0F, 0xBD, 0x47, 0xE3, 0xFD,
    0xE7, 0x80, 0x83, 0x27, 0x44, 0xFB, 0xBE, 0x85, 0x03, 0x35, 0x04, 0xFC, 0xEF, 0xD0, 0xBF, 0xE0,
    0x97, 0x27, 0x00, 0x00, 0x93, 0x87, 0x87, 0x0B, 0x9C, 0x63, 0x83, 0x36, 0x04, 0xFC, 0x05, 0x67,
    0x36, 0x97, 0x03, 0x47, 0x97, 0x92, 0x01, 0x27, 0xBA, 0x85, 0x17, 0x25, 0x00, 0x00, 0x13, 0x05,
    0xE5, 0xCC, 0x82, 0x97, 0x83, 0x27, 0xC4, 0xFC, 0x9B, 0x87, 0xC7, 0x30, 0x81, 0x27, 0x82, 0x17,
    0x81, 0x93, 0x9C, 0x43, 0x23, 0x26, 0xF4, 0xFE, 0x83, 0x27, 0xC4, 0xFE, 0x3E, 0x87, 0xB7, 0x07,
    0xC1, 0xFF, 0xFD, 0x17, 0xF9, 0x8F, 0x23, 0x26, 0xF4, 0xFE, 0x03, 0x37, 0x04, 0xFC, 0x85, 0x67,
    0xBA, 0x97, 0x83, 0xC7, 0x97, 0x92, 0x81, 0x27, 0x9B, 0x97, 0x07, 0x01, 0x81, 0x27, 0x03, 0x27,
    0xC4, 0xFE, 0xD9, 0x8F, 0x23, 0x26, 0xF4, 0xFE, 0x83, 0x27, 0xC4, 0xFC, 0x9B, 0x87, 0xC7, 0x30,
    0x81, 0x27, 0x82, 0x17, 0x81, 0x93, 0x3E, 0x87, 0x83, 0x27, 0xC4, 0xFE, 0x1C, 0xC3, 0x83, 0x27,
    0xC4, 0xFC, 0x9B, 0x87, 0x47, 0x02, 0x81, 0x27, 0x82, 0x17, 0x81, 0x93, 0x3E, 0x87, 0xB7, 0x07,
    0x02, 0x13, 0xB9, 0x07, 0x1C, 0xC3, 0x85, 0x47, 0xA3, 0x05, 0xF4, 0xFE, 0x91, 0xA8, 0x83, 0x47,
    0xB4, 0xFE, 0x81, 0x27, 0x9B, 0x97, 0x87, 0x01, 0x1B, 0x87, 0x07, 0x00, 0xB7, 0x07, 0x08, 0x10,
    0xD9, 0x8F, 0x81, 0x27, 0x03, 0x67, 0x04, 0xFE, 0x81, 0x27, 0x1C, 0xC3, 0x83, 0x67, 0xC4, 0xFD,
    0x9C, 0x43, 0x23, 0x26, 0xF4, 0xFE, 0x31, 0xA0, 0x83, 0x67, 0xC4, 0xFD, 0x9C, 0x43, 0x23, 0x26,
    0xF4, 0xFE, 0x83, 0x27, 0xC4, 0xFE, 0x93, 0xF7, 0x07, 0x06, 0x81, 0x27, 0x3E, 0x87, 0x93, 0x07,
    0x00, 0x06, 0xE3, 0x13, 0xF7, 0xFE, 0x83, 0x47, 0xB4, 0xFE, 0x85, 0x27, 0xA3, 0x05, 0xF4, 0xFE,
    0x83, 0x47, 0xB4, 0xFE, 0x1B, 0x87, 0x07, 0x00, 0x83, 0x27, 0x44, 0xFB, 0x81, 0x27, 0xE3, 0xF0,
    0xE7, 0xFA, 0x01, 0x00, 0x01, 0x00, 0xA6, 0x60, 0x06, 0x64, 0x61, 0x61, 0x82, 0x80, 0x79, 0x71,
    0x22, 0xF4, 0x00, 0x18, 0xAA, 0x87, 0x23, 0x38, 0xB4, 0xFC, 0x32, 0x87, 0x23, 0x2E, 0xF4, 0xFC,
    0xBA, 0x87, 0x23, 0x2C, 0xF4, 0xFC, 0xA3, 0x07, 0x04, 0xFE, 0x1D, 0xA0, 0x83, 0x47, 0xF4, 0xFE,
    0x81, 0x27, 0x03, 0x47, 0xF4, 0xFE, 0x55, 0x27, 0x13, 0x77, 0xF7, 0x0F, 0x83, 0x36, 0x04, 0xFD,
    0xB6, 0x97, 0x23, 0x80, 0xE7, 0x00, 0x83, 0x47, 0xF4, 0xFE, 0x85, 0x27, 0xA3, 0x07, 0xF4, 0xFE,
    0x83, 0x47, 0xF4, 0xFE, 0x13, 0xF7, 0xF7, 0x0F, 0xBD, 0x47, 0xE3, 0xF9, 0xE7, 0xFC, 0x83, 0x37,
    0x04, 0xFD, 0x03, 0xC7, 0x47, 0x00, 0x83, 0x36, 0x04, 0xFD, 0x85, 0x67, 0xB6, 0x97, 0xA3, 0x84,
    0xE7, 0x92, 0x03, 0x37, 0x04, 0xFD, 0x85, 0x67, 0xBA, 0x97, 0x11, 0x47, 0x23, 0x85, 0xE7, 0x92,
    0x01, 0x00, 0x22, 0x74, 0x45, 0x61, 0x82, 0x80, 0x79, 0x71, 0x22, 0xF4, 0x00, 0x18, 0xAA, 0x87,
    0x2E, 0x87, 0x23, 0x2E, 0xF4, 0xFC, 0xBA, 0x87, 0x23, 0x2C, 0xF4, 0xFC, 0x83, 0x27, 0xC4, 0xFD,
    0x3E, 0x87, 0xB7, 0x07, 0x04, 0x00, 0xB9, 0x9F, 0x23, 0x26, 0xF4, 0xFE, 0x83, 0x27, 0xC4, 0xFE,
    0x3E, 0x87, 0xC1, 0x67, 0x9B, 0x87, 0x87, 0x02, 0xB9, 0x9F, 0x81, 0x27, 0x82, 0x17, 0x81, 0x93,
    0x3E, 0x87, 0x93, 0x07, 0x00, 0x20, 0x1C, 0xC3, 0x01, 0x00, 0x22, 0x74, 0x45, 0x61, 0x82, 0x80,
    0x39, 0x71, 0x22, 0xFC, 0x80, 0x00, 0x23, 0x3C, 0xA4, 0xFC, 0xAE, 0x87, 0x23, 0x34, 0xC4, 0xFC,
    0x23, 0x2A, 0xF4, 0xFC, 0x83, 0x37, 0x84, 0xFD, 0x23, 0x34, 0xF4, 0xFE, 0x15, 0xA0, 0x83, 0x37,
    0x84, 0xFE, 0x13, 0x87, 0x17, 0x00, 0x23, 0x34, 0xE4, 0xFE, 0x03, 0x27, 0x44, 0xFD, 0x13, 0x77,
    0xF7, 0x0F, 0x23, 0x80, 0xE7, 0x00, 0x83, 0x37, 0x84, 0xFC, 0xFD, 0x17, 0x23, 0x34, 0xF4, 0xFC,
    0x83, 0x37, 0x84, 0xFC, 0xE9, 0xFF, 0x83, 0x37, 0x84, 0xFD, 0x3E, 0x85, 0x62, 0x74, 0x21, 0x61,
    0x82, 0x80, 0x13, 0x01, 0x01, 0xD7, 0x23, 0x34, 0x11, 0x28, 0x23, 0x30, 0x81, 0x28, 0x00, 0x0D,
    0xFD, 0x72, 0x16, 0x91, 0x2A, 0x8F, 0xAE, 0x8E, 0x32, 0x8E, 0x36, 0x83, 0x3A, 0x85, 0xBE, 0x85,
    0x42, 0x86, 0xC6, 0x86, 0xFD, 0x77, 0xC1, 0x17, 0xA2, 0x97, 0x7A, 0x87, 0x23, 0xA6, 0xE7, 0xDA,
    0xFD, 0x77, 0xC1, 0x17, 0xA2, 0x97, 0x76, 0x87, 0x23, 0xA4, 0xE7, 0xDA, 0xFD, 0x77, 0xC1, 0x17,
    0xA2, 0x97, 0x72, 0x87, 0x23, 0xA2, 0xE7, 0xDA, 0xFD, 0x77, 0xC1, 0x17, 0xA2, 0x97, 0x1A, 0x87,
    0xA3, 0x81, 0xE7, 0xDA, 0xFD, 0x77, 0xC1, 0x17, 0xA2, 0x97, 0x2A, 0x87, 0x23, 0x81, 0xE7, 0xDA,
    0xFD, 0x77, 0xC1, 0x17, 0xA2, 0x97, 0x2E, 0x87, 0xA3, 0x80, 0xE7, 0xDA, 0xFD, 0x77, 0xC1, 0x17,
    0xA2, 0x97, 0x32, 0x87, 0x23, 0x80, 0xE7, 0xDA, 0xFD, 0x77, 0xC1, 0x17, 0xA2, 0x97, 0x36, 0x87,
    0xA3, 0x8F, 0xE7, 0xD8, 0x23, 0x26, 0x04, 0xFE, 0xFD, 0x77, 0xC1, 0x17, 0xA2, 0x97, 0x83, 0xA7,
    0xC7, 0xDA, 0x3E, 0x87, 0xB7, 0x07, 0x04, 0x00, 0xB9, 0x9F, 0x23, 0x24, 0xF4, 0xFE, 0x97, 0x27,
    0x00, 0x00, 0x93, 0x87, 0xA7, 0xDF, 0x9C, 0x63, 0x17, 0x25, 0x00, 0x00, 0x13, 0x05, 0x85, 0xA5,
    0x82, 0x97, 0xFD, 0x77, 0x93, 0x87, 0x87, 0xDB, 0xC1, 0x17, 0x33, 0x87, 0x87, 0x00, 0x85, 0x67,
    0x13, 0x86, 0xD7, 0x23, 0x81, 0x45, 0x3A, 0x85, 0xEF, 0xF0, 0x9F, 0xEE, 0x97, 0x27, 0x00, 0x00,
    0x93, 0x87, 0xC7, 0xDC, 0x9C, 0x63, 0x17, 0x25, 0x00, 0x00, 0x13, 0x05, 0x25, 0xA4, 0x82, 0x97,
    0xFD, 0x77, 0xC1, 0x17, 0xA2, 0x97, 0x03, 0xA7, 0x87, 0xDA, 0xFD, 0x77, 0xC1, 0x17, 0xA2, 0x97,
    0x83, 0xA7, 0xC7, 0xDA, 0xBA, 0x85, 0x3E, 0x85, 0xEF, 0xF0, 0x1F, 0xE7, 0x97, 0x27, 0x00, 0x00,
    0x93, 0x87, 0xC7, 0xD9, 0x9C, 0x63, 0x17, 0x25, 0x00, 0x00, 0x13, 0x05, 0xA5, 0xA2, 0x82, 0x97,
    0xFD, 0x77, 0xC1, 0x17, 0xA2, 0x97, 0x83, 0xA6, 0x87, 0xDA, 0xFD, 0x77, 0x93, 0x87, 0x87, 0xDB,
    0xC1, 0x17, 0x33, 0x87, 0x87, 0x00, 0xFD, 0x77, 0xC1, 0x17, 0xA2, 0x97, 0x83, 0xA7, 0xC7, 0xDA,
    0x36, 0x86, 0xBA, 0x85, 0x3E, 0x85, 0xEF, 0xF0, 0x9F, 0xDB, 0xFD, 0x77, 0xC1, 0x17, 0xA2, 0x97,
    0x83, 0xC7, 0x37, 0xDA, 0x93, 0xF7, 0xF7, 0x0F, 0xA1, 0xC7, 0x97, 0x27, 0x00, 0x00, 0x93, 0x87,
    0xE7, 0xD4, 0x9C, 0x63, 0x17, 0x25, 0x00, 0x00, 0x13, 0x05, 0xC5, 0xA0, 0x82, 0x97, 0xFD, 0x77,
    0xC1, 0x17, 0xA2, 0x97, 0x83, 0xA6, 0x47, 0xDA, 0xFD, 0x77, 0xC1, 0x17, 0xA2, 0x97, 0x03, 0xA6,
    0x87, 0xDA, 0xFD, 0x77, 0x93, 0x87, 0x87, 0xDB, 0xC1, 0x17, 0x33, 0x87, 0x87, 0x00, 0xFD, 0x77,
    0xC1, 0x17, 0xA2, 0x97, 0x83, 0xA7, 0xC7, 0xDA, 0xBA, 0x85, 0x3E, 0x85, 0xEF, 0xE0, 0x0F, 0xB2,
    0xFD, 0x77, 0xC1, 0x17, 0xA2, 0x97, 0x83, 0xC7, 0x27, 0xDA, 0x93, 0xF7, 0xF7, 0x0F, 0xB9, 0xCB,
    0x97, 0x27, 0x00, 0x00, 0x93, 0x87, 0x87, 0xCF, 0x9C, 0x63, 0x17, 0x25, 0x00, 0x00, 0x13, 0x05,
    0xE5, 0x9C, 0x82, 0x97, 0xFD, 0x77, 0xC1, 0x17, 0xA2, 0x97, 0x03, 0xA6, 0x87, 0xDA, 0xFD, 0x77,
    0x93, 0x87, 0x87, 0xDB, 0xC1, 0x17, 0xB3, 0x85, 0x87, 0x00, 0xFD, 0x77, 0xC1, 0x17, 0xA2, 0x97,
    0x03, 0xA5, 0xC7, 0xDA, 0xFD, 0x77, 0xC1, 0x17, 0xA2, 0x97, 0x83, 0xA7, 0x47, 0xDA, 0x3E, 0xE0,
    0x93, 0x08, 0x40, 0x04, 0x79, 0x48, 0x93, 0x07, 0x40, 0x06, 0x29, 0x47, 0x81, 0x46, 0xEF, 0xE0,
    0x4F, 0xEA, 0x19, 0xA8, 0x97, 0x27, 0x00, 0x00, 0x93, 0x87, 0x47, 0xCA, 0x9C, 0x63, 0x17, 0x25,
    0x00, 0x00, 0x13, 0x05, 0x25, 0x99, 0x82, 0x97, 0xFD, 0x77, 0xC1, 0x17, 0xA2, 0x97, 0x83, 0xC7,
    0x17, 0xDA, 0x93, 0xF7, 0xF7, 0x0F, 0xA1, 0xC3, 0x97, 0x27, 0x00, 0x00, 0x93, 0x87, 0x07, 0xC8,
    0x9C, 0x63, 0x17, 0x25, 0x00, 0x00, 0x13, 0x05, 0x65, 0x99, 0x82, 0x97, 0xFD, 0x77, 0xC1, 0x17,
    0xA2, 0x97, 0x83, 0xA6, 0x87, 0xDA, 0xFD, 0x77, 0xC1, 0x17, 0xA2, 0x97, 0x03, 0xA7, 0x47, 0xDA,
    0xFD, 0x77, 0xC1, 0x17, 0xA2, 0x97, 0x83, 0xA7, 0xC7, 0xDA, 0x36, 0x86, 0xBA, 0x85, 0x3E, 0x85,
    0xEF, 0xE0, 0xCF, 0xF6, 0x19, 0xA8, 0x97, 0x27, 0x00, 0x00, 0x93, 0x87, 0x27, 0xC4, 0x9C, 0x63,
    0x17, 0x25, 0x00, 0x00, 0x13, 0x05, 0x85, 0x97, 0x82, 0x97, 0xFD, 0x77, 0xC1, 0x17, 0xA2, 0x97,
    0x83, 0xC7, 0x07, 0xDA, 0x93, 0xF7, 0xF7, 0x0F, 0x63, 0x87, 0x07, 0x10, 0x97, 0x27, 0x00, 0x00,
    0x93, 0x87, 0xC7, 0xC1, 0x9C, 0x63, 0x17, 0x25, 0x00, 0x00, 0x13, 0x05, 0xA5, 0x97, 0x82, 0x97,
    0xFD, 0x77, 0xC1, 0x17, 0xA2, 0x97, 0x83, 0xA7, 0x87, 0xDA, 0x9B, 0x97, 0xE7, 0x00, 0x81, 0x27,
    0x03, 0x27, 0x84, 0xFE, 0xB9, 0x9F, 0x1B, 0x87, 0x07, 0x00, 0x8D, 0x67, 0x91, 0x27, 0xB9, 0x9F,
    0x81, 0x27, 0x82, 0x17, 0x81, 0x93, 0x9C, 0x43, 0x9B, 0x86, 0x07, 0x00, 0xFD, 0x77, 0xC1, 0x17,
    0xA2, 0x97, 0x83, 0xA7, 0x87, 0xDA, 0x9B, 0x97, 0xE7, 0x00, 0x81, 0x27, 0x03, 0x27, 0x84, 0xFE,
    0xB9, 0x9F, 0x1B, 0x87, 0x07, 0x00, 0x8D, 0x67, 0x91, 0x27, 0xB9, 0x9F, 0x81, 0x27, 0x82, 0x17,
    0x81, 0x93, 0x3E, 0x87, 0xB6, 0x87, 0xBD, 0x9B, 0x81, 0x27, 0x1C, 0xC3, 0xFD, 0x77, 0xC1, 0x17,
    0xA2, 0x97, 0x03, 0xA7, 0x47, 0xDA, 0xFD, 0x77, 0xC1, 0x17, 0xA2, 0x97, 0x03, 0xA6, 0x87, 0xDA,
    0xFD, 0x77, 0x93, 0x87, 0x87, 0xDB, 0xC1, 0x17, 0xB3, 0x85, 0x87, 0x00, 0xFD, 0x77, 0xC1, 0x17,
    0xA2, 0x97, 0x03, 0xA5, 0xC7, 0xDA, 0x3A, 0x88, 0x81, 0x47, 0x13, 0x07, 0x00, 0x07, 0x93, 0x06,
    0x00, 0x05, 0xEF, 0xE0, 0xFF, 0x8F, 0xFD, 0x77, 0xC1, 0x17, 0xA2, 0x97, 0x83, 0xA7, 0x87, 0xDA,
    0x9B, 0x97, 0xE7, 0x00, 0x81, 0x27, 0x03, 0x27, 0x84, 0xFE, 0xB9, 0x9F, 0x1B, 0x87, 0x07, 0x00,
    0x8D, 0x67, 0x91, 0x27, 0xB9, 0x9F, 0x81, 0x27, 0x82, 0x17, 0x81, 0x93, 0x9C, 0x43, 0x9B, 0x86,
    0x07, 0x00, 0xFD, 0x77, 0xC1, 0x17, 0xA2, 0x97, 0x83, 0xA7, 0x87, 0xDA, 0x9B, 0x97, 0xE7, 0x00,
    0x81, 0x27, 0x03, 0x27, 0x84, 0xFE, 0xB9, 0x9F, 0x1B, 0x87, 0x07, 0x00, 0x8D, 0x67, 0x91, 0x27,
    0xB9, 0x9F, 0x81, 0x27, 0x82, 0x17, 0x81, 0x93, 0x3E, 0x87, 0xB6, 0x87, 0x93, 0xE7, 0x07, 0x01,
    0x81, 0x27, 0x1C, 0xC3, 0x19, 0xA8, 0x97, 0x27, 0x00, 0x00, 0x93, 0x87, 0x27, 0xB1, 0x9C, 0x63,
    0x17, 0x25, 0x00, 0x00, 0x13, 0x05, 0x85, 0x88, 0x82, 0x97, 0xFD, 0x77, 0xC1, 0x17, 0xA2, 0x97,
    0x83, 0xC7, 0xF7, 0xD9, 0x93, 0xF7, 0xF7, 0x0F, 0xB9, 0xC7, 0x97, 0x27, 0x00, 0x00, 0x93, 0x87,
    0xE7, 0xAE, 0x9C, 0x63, 0x17, 0x25, 0x00, 0x00, 0x13, 0x05, 0x45, 0x88, 0x82, 0x97, 0xFD, 0x77,
    0xC1, 0x17, 0xA2, 0x97, 0x03, 0xA7, 0x47, 0xDA, 0xFD, 0x77, 0xC1, 0x17, 0xA2, 0x97, 0x03, 0xA6,
    0x87, 0xDA, 0xFD, 0x77, 0x93, 0x87, 0x87, 0xDB, 0xC1, 0x17, 0xB3, 0x85, 0x87, 0x00, 0xFD, 0x77,
    0xC1, 0x17, 0xA2, 0x97, 0x03, 0xA5, 0xC7, 0xDA, 0xBA, 0x87, 0x13, 0x07, 0x00, 0x06, 0xC1, 0x46,
    0xEF, 0xF0, 0x2F, 0x96, 0x19, 0xA8, 0x97, 0x27, 0x00, 0x00, 0x93, 0x87, 0x27, 0xAA, 0x9C, 0x63,
    0x17, 0x25, 0x00, 0x00, 0x13, 0x05, 0x05, 0x85, 0x82, 0x97, 0x83, 0x27, 0x84, 0xFE, 0x3E, 0x87,
    0xE1, 0x67, 0xB9, 0x9F, 0x81, 0x27, 0x82, 0x17, 0x81, 0x93, 0x9C, 0x43, 0x23, 0x26, 0xF4, 0xFE,
    0x97, 0x27, 0x00, 0x00, 0x93, 0x87, 0x87, 0xA7, 0x9C, 0x63, 0x03, 0x27, 0x84, 0xFE, 0xBA, 0x86,
    0x61, 0x67, 0x35, 0x9F, 0x9B, 0x06, 0x07, 0x00, 0x03, 0x27, 0x84, 0xFE, 0x3A, 0x86, 0x61, 0x67,
    0x31, 0x9F, 0x01, 0x27, 0x02, 0x17, 0x01, 0x93, 0x18, 0x43, 0x01, 0x27, 0x3A, 0x86, 0xB6, 0x85,
    0x17, 0x25, 0x00, 0x00, 0x13, 0x05, 0x85, 0x82, 0x82, 0x97, 0x83, 0x27, 0xC4, 0xFE, 0x89, 0x8B,
    0x81, 0x27, 0x99, 0xCB, 0x97, 0x27, 0x00, 0x00, 0x93, 0x87, 0x47, 0xA3, 0x9C, 0x63, 0x17, 0x25,
    0x00, 0x00, 0x13, 0x05, 0x25, 0x83, 0x82, 0x97, 0x83, 0x27, 0xC4, 0xFE, 0x91, 0x8B, 0x81, 0x27,
    0x99, 0xCB, 0x97, 0x27, 0x00, 0x00, 0x93, 0x87, 0x67, 0xA1, 0x9C, 0x63, 0x17, 0x25, 0x00, 0x00,
    0x13, 0x05, 0x45, 0x83, 0x82, 0x97, 0x83, 0x27, 0xC4, 0xFE, 0xA1, 0x8B, 0x81, 0x27, 0x99, 0xCB,
    0x97, 0x27, 0x00, 0x00, 0x93, 0x87, 0x87, 0x9F, 0x9C, 0x63, 0x17, 0x25, 0x00, 0x00, 0x13, 0x05,
    0x65, 0x83, 0x82, 0x97, 0x83, 0x27, 0xC4, 0xFE, 0xC1, 0x8B, 0x81, 0x27, 0x81, 0xCF, 0x97, 0x27,
    0x00, 0x00, 0x93, 0x87, 0xA7, 0x9D, 0x9C, 0x63, 0x17, 0x25, 0x00, 0x00, 0x13, 0x05, 0x85, 0x83,
    0x82, 0x97, 0x01, 0x00, 0x01, 0x00, 0x85, 0x62, 0x16, 0x91, 0x83, 0x30, 0x81, 0x28, 0x03, 0x34,
    0x01, 0x28, 0x13, 0x01, 0x01, 0x29, 0x82, 0x80, 0x79, 0x71, 0x06, 0xF4, 0x22, 0xF0, 0x00, 0x18,
    0xAA, 0x87, 0xAE, 0x86, 0x32, 0x87, 0x23, 0x2E, 0xF4, 0xFC, 0xB6, 0x87, 0x23, 0x2C, 0xF4, 0xFC,
    0xBA, 0x87, 0x23, 0x2A, 0xF4, 0xFC, 0x23, 0x26, 0x04, 0xFE, 0x23, 0x24, 0x04, 0xFE, 0x23, 0x26,
    0x04, 0xFE, 0xB1, 0xA0, 0x83, 0x27, 0x84, 0xFD, 0x9B, 0x97, 0x67, 0x00, 0x81, 0x27, 0x03, 0x27,
    0xC4, 0xFD, 0xB9, 0x9F, 0x1B, 0x87, 0x07, 0x00, 0xB7, 0x07, 0xC0, 0x00, 0x9B, 0x87, 0x07, 0x40,
    0xB9, 0x9F, 0x81, 0x27, 0x9B, 0x97, 0x67, 0x00, 0x81, 0x27, 0x03, 0x27, 0xC4, 0xFE, 0xB9, 0x9F,
    0x81, 0x27, 0x9B, 0x97, 0x27, 0x00, 0x81, 0x27, 0x82, 0x17, 0x81, 0x93, 0x3E, 0x87, 0x83, 0x27,
    0x44, 0xFD, 0x1C, 0xC3, 0x83, 0x27, 0xC4, 0xFE, 0x85, 0x27, 0x23, 0x26, 0xF4, 0xFE, 0x83, 0x27,
    0xC4, 0xFE, 0x1B, 0x87, 0x07, 0x00, 0x9D, 0x47, 0xE3, 0xF6, 0xE7, 0xFA, 0x83, 0x27, 0x84, 0xFD,
    0x9B, 0x97, 0x67, 0x00, 0x81, 0x27, 0x03, 0x27, 0xC4, 0xFD, 0xB9, 0x9F, 0x81, 0x27, 0x9B, 0x97,
    0x87, 0x00, 0x1B, 0x87, 0x07, 0x00, 0xB7, 0x07, 0x04, 0xC0, 0x9B, 0x87, 0x07, 0x02, 0xB9, 0x9F,
    0x81, 0x27, 0x82, 0x17, 0x81, 0x93, 0x3E, 0x87, 0x83, 0x27, 0x44, 0xFD, 0x1C, 0xC3, 0x23, 0x26,
    0x04, 0xFE, 0xB1, 0xA0, 0x83, 0x27, 0x84, 0xFD, 0x9B, 0x97, 0x67, 0x00, 0x81, 0x27, 0x03, 0x27,
    0xC4, 0xFD, 0xB9, 0x9F, 0x1B, 0x87, 0x07, 0x00, 0xB7, 0x07, 0xC0, 0x00, 0x9B, 0x87, 0x07, 0x41,
    0xB9, 0x9F, 0x81, 0x27, 0x9B, 0x97, 0x67, 0x00, 0x81, 0x27, 0x03, 0x27, 0xC4, 0xFE, 0xB9, 0x9F,
    0x81, 0x27, 0x9B, 0x97, 0x27, 0x00, 0x81, 0x27, 0x82, 0x17, 0x81, 0x93, 0x3E, 0x87, 0x83, 0x27,
    0x44, 0xFD, 0x1C, 0xC3, 0x83, 0x27, 0xC4, 0xFE, 0x85, 0x27, 0x23, 0x26, 0xF4, 0xFE, 0x83, 0x27,
    0xC4, 0xFE, 0x1B, 0x87, 0x07, 0x00, 0x9D, 0x47, 0xE3, 0xF6, 0xE7, 0xFA, 0x83, 0x27, 0x84, 0xFD,
    0x9B, 0x97, 0x67, 0x00, 0x81, 0x27, 0x03, 0x27, 0xC4, 0xFD, 0xB9, 0x9F, 0x81, 0x27, 0x9B, 0x97,
    0x87, 0x00, 0x1B, 0x87, 0x07, 0x00, 0xB7, 0x17, 0x04, 0xC0, 0x9B, 0x87, 0x07, 0x02, 0xB9, 0x9F,
    0x81, 0x27, 0x82, 0x17, 0x81, 0x93, 0x3E, 0x87, 0x83, 0x27, 0x44, 0xFD, 0x1C, 0xC3, 0x23, 0x26,
    0x04, 0xFE, 0xB1, 0xA0, 0x83, 0x27, 0x84, 0xFD, 0x9B, 0x97, 0x67, 0x00, 0x81, 0x27, 0x03, 0x27,
    0xC4, 0xFD, 0xB9, 0x9F, 0x1B, 0x87, 0x07, 0x00, 0xB7, 0x07, 0xC0, 0x00, 0x9B, 0x87, 0x27, 0x40,
    0xB9, 0x9F, 0x81, 0x27, 0x9B, 0x97, 0x67, 0x00, 0x81, 0x27, 0x03, 0x27, 0xC4, 0xFE, 0xB9, 0x9F,
    0x81, 0x27, 0x9B, 0x97, 0x27, 0x00, 0x81, 0x27, 0x82, 0x17, 0x81, 0x93, 0x3E, 0x87, 0x83, 0x27,
    0x44, 0xFD, 0x1C, 0xC3, 0x83, 0x27, 0xC4, 0xFE, 0x85, 0x27, 0x23, 0x26, 0xF4, 0xFE, 0x83, 0x27,
    0xC4, 0xFE, 0x1B, 0x87, 0x07, 0x00, 0x9D, 0x47, 0xE3, 0xF6, 0xE7, 0xFA, 0x83, 0x27, 0x84, 0xFD,
    0x9B, 0x97, 0x67, 0x00, 0x81, 0x27, 0x03, 0x27, 0xC4, 0xFD, 0xB9, 0x9F, 0x81, 0x27, 0x9B, 0x97,
    0x87, 0x00, 0x1B, 0x87, 0x07, 0x00, 0xB7, 0x07, 0x04, 0xC0, 0x9B, 0x87, 0x07, 0x22, 0xB9, 0x9F,
    0x81, 0x27, 0x82, 0x17, 0x81, 0x93, 0x3E, 0x87, 0x83, 0x27, 0x44, 0xFD, 0x1C, 0xC3, 0x23, 0x26,
    0x04, 0xFE, 0xB1, 0xA0, 0x83, 0x27, 0x84, 0xFD, 0x9B, 0x97, 0x67, 0x00, 0x81, 0x27, 0x03, 0x27,
    0xC4, 0xFD, 0xB9, 0x9F, 0x1B, 0x87, 0x07, 0x00, 0xB7, 0x07, 0xC0, 0x00, 0x9B, 0x87, 0x27, 0x41,
    0xB9, 0x9F, 0x81, 0x27, 0x9B, 0x97, 0x67, 0x00, 0x81, 0x27, 0x03, 0x27, 0xC4, 0xFE, 0xB9, 0x9F,
    0x81, 0x27, 0x9B, 0x97, 0x27, 0x00, 0x81, 0x27, 0x82, 0x17, 0x81, 0x93, 0x3E, 0x87, 0x83, 0x27,
    0x44, 0xFD, 0x1C, 0xC3, 0x83, 0x27, 0xC4, 0xFE, 0x85, 0x27, 0x23, 0x26, 0xF4, 0xFE, 0x83, 0x27,
    0xC4, 0xFE, 0x1B, 0x87, 0x07, 0x00, 0x9D, 0x47, 0xE3, 0xF6, 0xE7, 0xFA, 0x83, 0x27, 0x84, 0xFD,
    0x9B, 0x97, 0x67, 0x00, 0x81, 0x27, 0x03, 0x27, 0xC4, 0xFD, 0xB9, 0x9F, 0x81, 0x27, 0x9B, 0x97,
    0x87, 0x00, 0x1B, 0x87, 0x07, 0x00, 0xB7, 0x17, 0x04, 0xC0, 0x9B, 0x87, 0x07, 0x22, 0xB9, 0x9F,
    0x81, 0x27, 0x82, 0x17, 0x81, 0x93, 0x3E, 0x87, 0x83, 0x27, 0x44, 0xFD, 0x1C, 0xC3, 0x23, 0x24,
    0x04, 0xFE, 0x05, 0xA0, 0x17, 0x17, 0x00, 0x00, 0x03, 0x37, 0xC7, 0x6A, 0x83, 0x67, 0x84, 0xFE,
    0x8A, 0x07, 0xBA, 0x97, 0x23, 0xA0, 0x07, 0x00, 0x83, 0x27, 0x84, 0xFE, 0x85, 0x27, 0x23, 0x24,
    0xF4, 0xFE, 0x83, 0x27, 0x84, 0xFE, 0x1B, 0x87, 0x07, 0x00, 0xFD, 0x47, 0xE3, 0xFC, 0xE7, 0xFC,
    0x97, 0x17, 0x00, 0x00, 0x93, 0x87, 0x87, 0x71, 0x9C, 0x63, 0x03, 0x27, 0x44, 0xFD, 0xBA, 0x85,
    0x17, 0x15, 0x00, 0x00, 0x13, 0x05, 0x05, 0x59, 0x82, 0x97, 0x23, 0x24, 0x04, 0xFE, 0xA9, 0xA0,
    0x17, 0x17, 0x00, 0x00, 0x03, 0x37, 0x07, 0x66, 0x83, 0x67, 0x84, 0xFE, 0x8A, 0x07, 0xBA, 0x97,
    0x9C, 0x43, 0x81, 0xCF, 0x97, 0x17, 0x00, 0x00, 0x93, 0x87, 0x47, 0x6E, 0x9C, 0x63, 0x17, 0x15,
    0x00, 0x00, 0x13, 0x05, 0x25, 0x58, 0x82, 0x97, 0x19, 0xA8, 0x97, 0x17, 0x00, 0x00, 0x93, 0x87,
    0xE7, 0x6C, 0x9C, 0x63, 0x17, 0x15, 0x00, 0x00, 0x13, 0x05, 0x45, 0x57, 0x82, 0x97, 0x83, 0x27,
    0x84, 0xFE, 0x85, 0x27, 0x23, 0x24, 0xF4, 0xFE, 0x83, 0x27, 0x84, 0xFE, 0x1B, 0x87, 0x07, 0x00,
    0xFD, 0x47, 0xE3, 0xF7, 0xE7, 0xFA, 0x97, 0x17, 0x00, 0x00, 0x93, 0x87, 0x27, 0x6A, 0x9C, 0x63,
    0x17, 0x15, 0x00, 0x00, 0x13, 0x05, 0x05, 0xE2, 0x82, 0x97, 0x01, 0x00, 0xA2, 0x70, 0x02, 0x74,
    0x45, 0x61, 0x82, 0x80, 0x01, 0x11, 0x06, 0xEC, 0x22, 0xE8, 0x00, 0x10, 0xF9, 0x72, 0x93, 0x82,
    0x02, 0x77, 0x16, 0x91, 0x2A, 0x87, 0xAE, 0x86, 0xF9, 0x77, 0xC1, 0x17, 0xA2, 0x97, 0x23, 0xA6,
    0xE7, 0x76, 0xF9, 0x77, 0xC1, 0x17, 0xA2, 0x97, 0x36, 0x87, 0x23, 0xA4, 0xE7, 0x76, 0xFD, 0x57,
    0x23, 0x22, 0xF4, 0xFE, 0xFD, 0x57, 0x23, 0x20, 0xF4, 0xFE, 0x23, 0x24, 0x04, 0xFE, 0x41, 0xA0,
    0x83, 0x26, 0x84, 0xFE, 0xF9, 0x77, 0xC1, 0x17, 0xA2, 0x97, 0x03, 0xA7, 0x87, 0x76, 0xF9, 0x77,
    0xC1, 0x17, 0xA2, 0x97, 0x83, 0xA7, 0xC7, 0x76, 0x36, 0x86, 0xBA, 0x85, 0x3E, 0x85, 0xEF, 0xF0,
    0xBF, 0xC7, 0x23, 0x26, 0x04, 0xFE, 0x81, 0xA0, 0x17, 0x17, 0x00, 0x00, 0x03, 0x37, 0x87, 0x58,
    0x83, 0x67, 0xC4, 0xFE, 0x8A, 0x07, 0xBA, 0x97, 0x94, 0x43, 0xF9, 0x77, 0xC1, 0x17, 0x33, 0x86,
    0x87, 0x00, 0x83, 0x65, 0x84, 0xFE, 0x03, 0x67, 0xC4, 0xFE, 0xBA, 0x87, 0x86, 0x07, 0xBA, 0x97,
    0x92, 0x07, 0xAE, 0x97, 0x8A, 0x07, 0xB2, 0x97, 0x23, 0xA8, 0xD7, 0x7E, 0x83, 0x27, 0xC4, 0xFE,
    0x85, 0x27, 0x23, 0x26, 0xF4, 0xFE, 0x83, 0x27, 0xC4, 0xFE, 0x1B, 0x87, 0x07, 0x00, 0xFD, 0x47,
    0xE3, 0xFC, 0xE7, 0xFA, 0x83, 0x27, 0x84, 0xFE, 0x85, 0x27, 0x23, 0x24, 0xF4, 0xFE, 0x83, 0x27,
    0x84, 0xFE, 0x1B, 0x87, 0x07, 0x00, 0x93, 0x07, 0xF0, 0x02, 0xE3, 0xFB, 0xE7, 0xF6, 0x23, 0x26,
    0x04, 0xFE, 0x75, 0xA0, 0x23, 0x24, 0x04, 0xFE, 0xB9, 0xA0, 0xF9, 0x77, 0xC1, 0x17, 0xB3, 0x86,
    0x87, 0x00, 0x03, 0x66, 0x84, 0xFE, 0x03, 0x67, 0xC4, 0xFE, 0xBA, 0x87, 0x86, 0x07, 0xBA, 0x97,
    0x92, 0x07, 0xB2, 0x97, 0x8A, 0x07, 0xB6, 0x97, 0x83, 0xA7, 0x07, 0x7F, 0x85, 0xE3, 0x83, 0x27,
    0x44, 0xFE, 0x1B, 0x87, 0x07, 0x00, 0xFD, 0x57, 0x63, 0x16, 0xF7, 0x00, 0x83, 0x27, 0x84, 0xFE,
    0x23, 0x22, 0xF4, 0xFE, 0x83, 0x27, 0x84, 0xFE, 0x23, 0x20, 0xF4, 0xFE, 0x83, 0x27, 0x84, 0xFE,
    0x85, 0x27, 0x23, 0x24, 0xF4, 0xFE, 0x83, 0x27, 0x84, 0xFE, 0x1B, 0x87, 0x07, 0x00, 0x93, 0x07,
    0xF0, 0x02, 0xE3, 0xF4, 0xE7, 0xFA, 0x83, 0x27, 0x44, 0xFE, 0x3E, 0x87, 0x83, 0x27, 0x04, 0xFE,
    0xB9, 0x9F, 0x81, 0x27, 0x1B, 0xD7, 0xF7, 0x01, 0xB9, 0x9F, 0x9B, 0xD7, 0x17, 0x40, 0x81, 0x27,
    0x1B, 0x87, 0x07, 0x00, 0xF9, 0x77, 0xC1, 0x17, 0xB3, 0x86, 0x87, 0x00, 0x83, 0x67, 0xC4, 0xFE,
    0x8A, 0x07, 0xB6, 0x97, 0x23, 0xA8, 0xE7, 0x76, 0xFD, 0x57, 0x23, 0x22, 0xF4, 0xFE, 0xFD, 0x57,
    0x23, 0x20, 0xF4, 0xFE, 0x83, 0x27, 0xC4, 0xFE, 0x85, 0x27, 0x23, 0x26, 0xF4, 0xFE, 0x83, 0x27,
    0xC4, 0xFE, 0x1B, 0x87, 0x07, 0x00, 0xFD, 0x47, 0xE3, 0xF6, 0xE7, 0xF4, 0x97, 0x17, 0x00, 0x00,
    0x93, 0x87, 0xC7, 0x4F, 0x9C, 0x63, 0x17, 0x15, 0x00, 0x00, 0x13, 0x05, 0xA5, 0xC7, 0x82, 0x97,
    0x97, 0x17, 0x00, 0x00, 0x93, 0x87, 0x87, 0x4E, 0x9C, 0x63, 0x79, 0x77, 0x41, 0x17, 0x22, 0x97,
    0x03, 0x27, 0xC7, 0x76, 0xBA, 0x85, 0x17, 0x15, 0x00, 0x00, 0x13, 0x05, 0xA5, 0x38, 0x82, 0x97,
    0x23, 0x26, 0x04, 0xFE, 0x1D, 0xA8, 0x97, 0x17, 0x00, 0x00, 0x93, 0x87, 0x27, 0x4C, 0x98, 0x63,
    0xF9, 0x77, 0xC1, 0x17, 0xB3, 0x86, 0x87, 0x00, 0x83, 0x67, 0xC4, 0xFE, 0x8A, 0x07, 0xB6, 0x97,
    0x83, 0xA7, 0x07, 0x77, 0xBE, 0x85, 0x17, 0x15, 0x00, 0x00, 0x13, 0x05, 0x25, 0xC2, 0x02, 0x97,
    0x83, 0x27, 0xC4, 0xFE, 0x85, 0x27, 0x23, 0x26, 0xF4, 0xFE, 0x83, 0x27, 0xC4, 0xFE, 0x1B, 0x87,
    0x07, 0x00, 0xFD, 0x47, 0xE3, 0xF1, 0xE7, 0xFC, 0x97, 0x17, 0x00, 0x00, 0x93, 0x87, 0x07, 0x48,
    0x9C, 0x63, 0x17, 0x15, 0x00, 0x00, 0x13, 0x05, 0xE5, 0xBF, 0x82, 0x97, 0x23, 0x26, 0x04, 0xFE,
    0xA5, 0xA0, 0xF9, 0x77, 0xC1, 0x17, 0xA2, 0x97, 0x83, 0xA7, 0x87, 0x76, 0x9B, 0x97, 0x67, 0x00,
    0x81, 0x27, 0x79, 0x77, 0x41, 0x17, 0x22, 0x97, 0x03, 0x27, 0xC7, 0x76, 0xB9, 0x9F, 0x1B, 0x87,
    0x07, 0x00, 0xB7, 0x07, 0xC0, 0x00, 0x9B, 0x87, 0x07, 0x40, 0xB9, 0x9F, 0x81, 0x27, 0x9B, 0x97,
    0x67, 0x00, 0x81, 0x27, 0x03, 0x27, 0xC4, 0xFE, 0xB9, 0x9F, 0x81, 0x27, 0x9B, 0x97, 0x27, 0x00,
    0x81, 0x27, 0x82, 0x17, 0x81, 0x93, 0xBE, 0x86, 0xF9, 0x77, 0xC1, 0x17, 0x33, 0x87, 0x87, 0x00,
    0x83, 0x67, 0xC4, 0xFE, 0x8A, 0x07, 0xBA, 0x97, 0x83, 0xA7, 0x07, 0x77, 0x9C, 0xC2, 0x83, 0x27,
    0xC4, 0xFE, 0x85, 0x27, 0x23, 0x26, 0xF4, 0xFE, 0x83, 0x27, 0xC4, 0xFE, 0x1B, 0x87, 0x07, 0x00,
    0x9D, 0x47, 0xE3, 0xF8, 0xE7, 0xF8, 0xF9, 0x77, 0xC1, 0x17, 0xA2, 0x97, 0x83, 0xA7, 0x87, 0x76,
    0x9B, 0x97, 0x67, 0x00, 0x81, 0x27, 0x79, 0x77, 0x41, 0x17, 0x22, 0x97, 0x03, 0x27, 0xC7, 0x76,
    0xB9, 0x9F, 0x81, 0x27, 0x9B, 0x97, 0x87, 0x00, 0x1B, 0x87, 0x07, 0x00, 0xB7, 0x07, 0x04, 0xC0,
    0x9B, 0x87, 0x07, 0x02, 0xB9, 0x9F, 0x81, 0x27, 0x82, 0x17, 0x81, 0x93, 0x3E, 0x87, 0xF9, 0x77,
    0xC1, 0x17, 0xA2, 0x97, 0x83, 0xA7, 0xC7, 0x78, 0x1C, 0xC3, 0x23, 0x26, 0x04, 0xFE, 0x95, 0xA8,
    0x83, 0x27, 0xC4, 0xFE, 0xA1, 0x27, 0x1B, 0x86, 0x07, 0x00, 0xF9, 0x77, 0xC1, 0x17, 0xA2, 0x97,
    0x83, 0xA7, 0x87, 0x76, 0x9B, 0x97, 0x67, 0x00, 0x81, 0x27, 0x79, 0x77, 0x41, 0x17, 0x22, 0x97,
    0x03, 0x27, 0xC7, 0x76, 0xB9, 0x9F, 0x1B, 0x87, 0x07, 0x00, 0xB7, 0x07, 0xC0, 0x00, 0x9B, 0x87,
    0x07, 0x41, 0xB9, 0x9F, 0x81, 0x27, 0x9B, 0x97, 0x67, 0x00, 0x81, 0x27, 0x03, 0x27, 0xC4, 0xFE,
    0xB9, 0x9F, 0x81, 0x27, 0x9B, 0x97, 0x27, 0x00, 0x81, 0x27, 0x82, 0x17, 0x81, 0x93, 0xBE, 0x86,
    0xF9, 0x77, 0xC1, 0x17, 0x33, 0x87, 0x87, 0x00, 0x93, 0x17, 0x06, 0x02, 0x81, 0x93, 0x8A, 0x07,
    0xBA, 0x97, 0x83, 0xA7, 0x07, 0x77, 0x9C, 0xC2, 0x83, 0x27, 0xC4, 0xFE, 0x85, 0x27, 0x23, 0x26,
    0xF4, 0xFE, 0x83, 0x27, 0xC4, 0xFE, 0x1B, 0x87, 0x07, 0x00, 0x9D, 0x47, 0xE3, 0xF2, 0xE7, 0xF8,
    0xF9, 0x77, 0xC1, 0x17, 0xA2, 0x97, 0x83, 0xA7, 0x87, 0x76, 0x9B, 0x97, 0x67, 0x00, 0x81, 0x27,
    0x79, 0x77, 0x41, 0x17, 0x22, 0x97, 0x03, 0x27, 0xC7, 0x76, 0xB9, 0x9F, 0x81, 0x27, 0x9B, 0x97,
    0x87, 0x00, 0x1B, 0x87, 0x07, 0x00, 0xB7, 0x17, 0x04, 0xC0, 0x9B, 0x87, 0x07, 0x02, 0xB9, 0x9F,
    0x81, 0x27, 0x82, 0x17, 0x81, 0x93, 0x3E, 0x87, 0xF9, 0x77, 0xC1, 0x17, 0xA2, 0x97, 0x83, 0xA7,
    0xC7, 0x7A, 0x1C, 0xC3, 0x23, 0x26, 0x04, 0xFE, 0x95, 0xA8, 0x83, 0x27, 0xC4, 0xFE, 0xC1, 0x27,
    0x1B, 0x86, 0x07, 0x00, 0xF9, 0x77, 0xC1, 0x17, 0xA2, 0x97, 0x83, 0xA7, 0x87, 0x76, 0x9B, 0x97,
    0x67, 0x00, 0x81, 0x27, 0x79, 0x77, 0x41, 0x17, 0x22, 0x97, 0x03, 0x27, 0xC7, 0x76, 0xB9, 0x9F,
    0x1B, 0x87, 0x07, 0x00, 0xB7, 0x07, 0xC0, 0x00, 0x9B, 0x87, 0x27, 0x40, 0xB9, 0x9F, 0x81, 0x27,
    0x9B, 0x97, 0x67, 0x00, 0x81, 0x27, 0x03, 0x27, 0xC4, 0xFE, 0xB9, 0x9F, 0x81, 0x27, 0x9B, 0x97,
    0x27, 0x00, 0x81, 0x27, 0x82, 0x17, 0x81, 0x93, 0xBE, 0x86, 0xF9, 0x77, 0xC1, 0x17, 0x33, 0x87,
    0x87, 0x00, 0x93, 0x17, 0x06, 0x02, 0x81, 0x93, 0x8A, 0x07, 0xBA, 0x97, 0x83, 0xA7, 0x07, 0x77,
    0x9C, 0xC2, 0x83, 0x27, 0xC4, 0xFE, 0x85, 0x27, 0x23, 0x26, 0xF4, 0xFE, 0x83, 0x27, 0xC4, 0xFE,
    0x1B, 0x87, 0x07, 0x00, 0x9D, 0x47, 0xE3, 0xF2, 0xE7, 0xF8, 0xF9, 0x77, 0xC1, 0x17, 0xA2, 0x97,
    0x83, 0xA7, 0x87, 0x76, 0x9B, 0x97, 0x67, 0x00, 0x81, 0x27, 0x79, 0x77, 0x41, 0x17, 0x22, 0x97,
    0x03, 0x27, 0xC7, 0x76, 0xB9, 0x9F, 0x81, 0x27, 0x9B, 0x97, 0x87, 0x00, 0x1B, 0x87, 0x07, 0x00,
    0xB7, 0x07, 0x04, 0xC0, 0x9B, 0x87, 0x07, 0x22, 0xB9, 0x9F, 0x81, 0x27, 0x82, 0x17, 0x81, 0x93,
    0x3E, 0x87, 0xF9, 0x77, 0xC1, 0x17, 0xA2, 0x97, 0x83, 0xA7, 0xC7, 0x7C, 0x1C, 0xC3, 0x23, 0x26,
    0x04, 0xFE, 0x95, 0xA8, 0x83, 0x27, 0xC4, 0xFE, 0xE1, 0x27, 0x1B, 0x86, 0x07, 0x00, 0xF9, 0x77,
    0xC1, 0x17, 0xA2, 0x97, 0x83, 0xA7, 0x87, 0x76, 0x9B, 0x97, 0x67, 0x00, 0x81, 0x27, 0x79, 0x77,
    0x41, 0x17, 0x22, 0x97, 0x03, 0x27, 0xC7, 0x76, 0xB9, 0x9F, 0x1B, 0x87, 0x07, 0x00, 0xB7, 0x07,
    0xC0, 0x00, 0x9B, 0x87, 0x27, 0x41, 0xB9, 0x9F, 0x81, 0x27, 0x9B, 0x97, 0x67, 0x00, 0x81, 0x27,
    0x03, 0x27, 0xC4, 0xFE, 0xB9, 0x9F, 0x81, 0x27, 0x9B, 0x97, 0x27, 0x00, 0x81, 0x27, 0x82, 0x17,
    0x81, 0x93, 0xBE, 0x86, 0xF9, 0x77, 0xC1, 0x17, 0x33, 0x87, 0x87, 0x00, 0x93, 0x17, 0x06, 0x02,
    0x81, 0x93, 0x8A, 0x07, 0xBA, 0x97, 0x83, 0xA7, 0x07, 0x77, 0x9C, 0xC2, 0x83, 0x27, 0xC4, 0xFE,
    0x85, 0x27, 0x23, 0x26, 0xF4, 0xFE, 0x83, 0x27, 0xC4, 0xFE, 0x1B, 0x87, 0x07, 0x00, 0x9D, 0x47,
    0xE3, 0xF2, 0xE7, 0xF8, 0xF9, 0x77, 0xC1, 0x17, 0xA2, 0x97, 0x83, 0xA7, 0x87, 0x76, 0x9B, 0x97,
    0x67, 0x00, 0x81, 0x27, 0x79, 0x77, 0x41, 0x17, 0x22, 0x97, 0x03, 0x27, 0xC7, 0x76, 0xB9, 0x9F,
    0x81, 0x27, 0x9B, 0x97, 0x87, 0x00, 0x1B, 0x87, 0x07, 0x00, 0xB7, 0x17, 0x04, 0xC0, 0x9B, 0x87,
    0x07, 0x22, 0xB9, 0x9F, 0x81, 0x27, 0x82, 0x17, 0x81, 0x93, 0x3E, 0x87, 0xF9, 0x77, 0xC1, 0x17,
    0xA2, 0x97, 0x83, 0xA7, 0xC7, 0x7E, 0x1C, 0xC3, 0x01, 0x00, 0x89, 0x62, 0x93, 0x82, 0x02, 0x89,
    0x16, 0x91, 0xE2, 0x60, 0x42, 0x64, 0x05, 0x61, 0x82, 0x80, 0x79, 0x71, 0x06, 0xF4, 0x22, 0xF0,
    0x00, 0x18, 0xAA, 0x87, 0xAE, 0x86, 0x32, 0x87, 0x23, 0x2E, 0xF4, 0xFC, 0xB6, 0x87, 0x23, 0x2C,
    0xF4, 0xFC, 0xBA, 0x87, 0x23, 0x2A, 0xF4, 0xFC, 0x23, 0x26, 0x04, 0xFE, 0x23, 0x24, 0x04, 0xFE,
    0x23, 0x26, 0x04, 0xFE, 0xB1, 0xA0, 0x83, 0x27, 0xC4, 0xFD, 0x9B, 0x97, 0x67, 0x00, 0x81, 0x27,
    0x03, 0x27, 0xC4, 0xFE, 0xB9, 0x9F, 0x1B, 0x87, 0x07, 0x00, 0x83, 0x27, 0x84, 0xFD, 0x9B, 0x97,
    0xC7, 0x00, 0x81, 0x27, 0xB9, 0x9F, 0x1B, 0x87, 0x07, 0x00, 0xB7, 0x07, 0x01, 0x30, 0xB1, 0x27,
    0xB9, 0x9F, 0x81, 0x27, 0x9B, 0x97, 0x27, 0x00, 0x81, 0x27, 0x82, 0x17, 0x81, 0x93, 0x3E, 0x87,
    0x83, 0x27, 0x44, 0xFD, 0x1C, 0xC3, 0x83, 0x27, 0xC4, 0xFE, 0x85, 0x27, 0x23, 0x26, 0xF4, 0xFE,
    0x83, 0x27, 0xC4, 0xFE, 0x1B, 0x87, 0x07, 0x00, 0x9D, 0x47, 0xE3, 0xF6, 0xE7, 0xFA, 0x23, 0x26,
    0x04, 0xFE, 0xB9, 0xA0, 0x83, 0x27, 0xC4, 0xFD, 0x9B, 0x97, 0x67, 0x00, 0x81, 0x27, 0x03, 0x27,
    0xC4, 0xFE, 0xB9, 0x9F, 0x1B, 0x87, 0x07, 0x00, 0x83, 0x27, 0x84, 0xFD, 0x9B, 0x97, 0xC7, 0x00,
    0x81, 0x27, 0xB9, 0x9F, 0x1B, 0x87, 0x07, 0x00, 0xB7, 0x07, 0x01, 0x30, 0x9B, 0x87, 0xC7, 0x40,
    0xB9, 0x9F, 0x81, 0x27, 0x9B, 0x97, 0x27, 0x00, 0x81, 0x27, 0x82, 0x17, 0x81, 0x93, 0x3E, 0x87,
    0x83, 0x27, 0x44, 0xFD, 0x1C, 0xC3, 0x83, 0x27, 0xC4, 0xFE, 0x85, 0x27, 0x23, 0x26, 0xF4, 0xFE,
    0x83, 0x27, 0xC4, 0xFE, 0x1B, 0x87, 0x07, 0x00, 0x9D, 0x47, 0xE3, 0xF5, 0xE7, 0xFA, 0x23, 0x26,
    0x04, 0xFE, 0xB9, 0xA0, 0x83, 0x27, 0xC4, 0xFD, 0x9B, 0x97, 0x67, 0x00, 0x81, 0x27, 0x03, 0x27,
    0xC4, 0xFE, 0xB9, 0x9F, 0x1B, 0x87, 0x07, 0x00, 0x83, 0x27, 0x84, 0xFD, 0x9B, 0x97, 0xC7, 0x00,
    0x81, 0x27, 0xB9, 0x9F, 0x1B, 0x87, 0x07, 0x00, 0xB7, 0x07, 0x01, 0x30, 0x9B, 0x87, 0xC7, 0x08,
    0xB9, 0x9F, 0x81, 0x27, 0x9B, 0x97, 0x27, 0x00, 0x81, 0x27, 0x82, 0x17, 0x81, 0x93, 0x3E, 0x87,
    0x83, 0x27, 0x44, 0xFD, 0x1C, 0xC3, 0x83, 0x27, 0xC4, 0xFE, 0x85, 0x27, 0x23, 0x26, 0xF4, 0xFE,
    0x83, 0x27, 0xC4, 0xFE, 0x1B, 0x87, 0x07, 0x00, 0x9D, 0x47, 0xE3, 0xF5, 0xE7, 0xFA, 0x23, 0x26,
    0x04, 0xFE, 0xB9, 0xA0, 0x83, 0x27, 0xC4, 0xFD, 0x9B, 0x97, 0x67, 0x00, 0x81, 0x27, 0x03, 0x27,
    0xC4, 0xFE, 0xB9, 0x9F, 0x1B, 0x87, 0x07, 0x00, 0x83, 0x27, 0x84, 0xFD, 0x9B, 0x97, 0xC7, 0x00,
    0x81, 0x27, 0xB9, 0x9F, 0x1B, 0x87, 0x07, 0x00, 0xB7, 0x07, 0x01, 0x30, 0x9B, 0x87, 0xC7, 0x48,
    0xB9, 0x9F, 0x81, 0x27, 0x9B, 0x97, 0x27, 0x00, 0x81, 0x27, 0x82, 0x17, 0x81, 0x93, 0x3E, 0x87,
    0x83, 0x27, 0x44, 0xFD, 0x1C, 0xC3, 0x83, 0x27, 0xC4, 0xFE, 0x85, 0x27, 0x23, 0x26, 0xF4, 0xFE,
    0x83, 0x27, 0xC4, 0xFE, 0x1B, 0x87, 0x07, 0x00, 0x9D, 0x47, 0xE3, 0xF5, 0xE7, 0xFA, 0x23, 0x24,
    0x04, 0xFE, 0x05, 0xA0, 0x17, 0x17, 0x00, 0x00, 0x03, 0x37, 0xC7, 0xEF, 0x83, 0x67, 0x84, 0xFE,
    0x8A, 0x07, 0xBA, 0x97, 0x23, 0xA0, 0x07, 0x00, 0x83, 0x27, 0x84, 0xFE, 0x85, 0x27, 0x23, 0x24,
    0xF4, 0xFE, 0x83, 0x27, 0x84, 0xFE, 0x1B, 0x87, 0x07, 0x00, 0xFD, 0x47, 0xE3, 0xFC, 0xE7, 0xFC,
    0x97, 0x17, 0x00, 0x00, 0x93, 0x87, 0x87, 0xF6, 0x9C, 0x63, 0x03, 0x27, 0x44, 0xFD, 0xBA, 0x85,
    0x17, 0x15, 0x00, 0x00, 0x13, 0x05, 0x85, 0xE2, 0x82, 0x97, 0x23, 0x24, 0x04, 0xFE, 0xA9, 0xA0,
    0x17, 0x17, 0x00, 0x00, 0x03, 0x37, 0x07, 0xEB, 0x83, 0x67, 0x84, 0xFE, 0x8A, 0x07, 0xBA, 0x97,
    0x9C, 0x43, 0x81, 0xCF, 0x97, 0x17, 0x00, 0x00, 0x93, 0x87, 0x47, 0xF3, 0x9C, 0x63, 0x17, 0x15,
    0x00, 0x00, 0x13, 0x05, 0x25, 0xDD, 0x82, 0x97, 0x19, 0xA8, 0x97, 0x17, 0x00, 0x00, 0x93, 0x87,
    0xE7, 0xF1, 0x9C, 0x63, 0x17, 0x15, 0x00, 0x00, 0x13, 0x05, 0x45, 0xDC, 0x82, 0x97, 0x83, 0x27,
    0x84, 0xFE, 0x85, 0x27, 0x23, 0x24, 0xF4, 0xFE, 0x83, 0x27, 0x84, 0xFE, 0x1B, 0x87, 0x07, 0x00,
    0xFD, 0x47, 0xE3, 0xF7, 0xE7, 0xFA, 0x97, 0x17, 0x00, 0x00, 0x93, 0x87, 0x27, 0xEF, 0x9C, 0x63,
    0x17, 0x05, 0x00, 0x00, 0x13, 0x05, 0x05, 0x67, 0x82, 0x97, 0x01, 0x00, 0xA2, 0x70, 0x02, 0x74,
    0x45, 0x61, 0x82, 0x80, 0x71, 0x71, 0x06, 0xF5, 0x22, 0xF1, 0x00, 0x19, 0xFD, 0x72, 0x16, 0x91,
    0x2A, 0x87, 0xAE, 0x86, 0xFD, 0x77, 0xC1, 0x17, 0xA2, 0x97, 0x23, 0xA6, 0xE7, 0xF6, 0xFD, 0x77,
    0xC1, 0x17, 0xA2, 0x97, 0x36, 0x87, 0x23, 0xA4, 0xE7, 0xF6, 0x23, 0x22, 0x04, 0xFE, 0x23, 0x20,
    0x04, 0xFE, 0x23, 0x24, 0x04, 0xFE, 0xAD, 0xA8, 0x83, 0x26, 0x84, 0xFE, 0xFD, 0x77, 0xC1, 0x17,
    0xA2, 0x97, 0x03, 0xA7, 0x87, 0xF6, 0xFD, 0x77, 0xC1, 0x17, 0xA2, 0x97, 0x83, 0xA7, 0xC7, 0xF6,
    0x36, 0x86, 0xBA, 0x85, 0x3E, 0x85, 0xEF, 0xF0, 0x5F, 0xD4, 0x23, 0x26, 0x04, 0xFE, 0x2D, 0xA8,
    0x17, 0x17, 0x00, 0x00, 0x03, 0x37, 0x07, 0xDE, 0x83, 0x67, 0xC4, 0xFE, 0x8A, 0x07, 0xBA, 0x97,
    0x98, 0x43, 0xFD, 0x77, 0xC1, 0x17, 0xB3, 0x86, 0x87, 0x00, 0x83, 0x67, 0x84, 0xFE, 0x03, 0x66,
    0xC4, 0xFE, 0x16, 0x06, 0xB2, 0x97, 0x8A, 0x07, 0xB6, 0x97, 0x23, 0xA8, 0xE7, 0xFE, 0x83, 0x27,
    0xC4, 0xFE, 0x85, 0x27, 0x23, 0x26, 0xF4, 0xFE, 0x83, 0x27, 0xC4, 0xFE, 0x1B, 0x87, 0x07, 0x00,
    0xFD, 0x47, 0xE3, 0xFF, 0xE7, 0xFA, 0x83, 0x27, 0x84, 0xFE, 0x85, 0x27, 0x23, 0x24, 0xF4, 0xFE,
    0x83, 0x27, 0x84, 0xFE, 0x1B, 0x87, 0x07, 0x00, 0xFD, 0x47, 0xE3, 0xFF, 0xE7, 0xF6, 0x23, 0x26,
    0x04, 0xFE, 0x49, 0xA8, 0x23, 0x24, 0x04, 0xFE, 0x89, 0xA0, 0xFD, 0x77, 0xC1, 0x17, 0x33, 0x87,
    0x87, 0x00, 0x83, 0x67, 0x84, 0xFE, 0x83, 0x66, 0xC4, 0xFE, 0x96, 0x06, 0xB6, 0x97, 0x8A, 0x07,
    0xBA, 0x97, 0x83, 0xA7, 0x07, 0xFF, 0x89, 0xEF, 0x83, 0x27, 0x44, 0xFE, 0x81, 0x27, 0x89, 0xE7,
    0x83, 0x27, 0x84, 0xFE, 0x23, 0x22, 0xF4, 0xFE, 0x83, 0x27, 0x84, 0xFE, 0x23, 0x20, 0xF4, 0xFE,
    0x83, 0x27, 0x84, 0xFE, 0x85, 0x27, 0x23, 0x24, 0xF4, 0xFE, 0x83, 0x27, 0x84, 0xFE, 0x1B, 0x87,
    0x07, 0x00, 0xFD, 0x47, 0xE3, 0xFB, 0xE7, 0xFA, 0x83, 0x27, 0x44, 0xFE, 0x3E, 0x87, 0x83, 0x27,
    0x04, 0xFE, 0xB9, 0x9F, 0x81, 0x27, 0x9B, 0xD7, 0x17, 0x00, 0x1B, 0x87, 0x07, 0x00, 0xFD, 0x77,
    0xC1, 0x17, 0xB3, 0x86, 0x87, 0x00, 0x83, 0x67, 0xC4, 0xFE, 0x8A, 0x07, 0xB6, 0x97, 0x23, 0xA8,
    0xE7, 0xF6, 0x23, 0x22, 0x04, 0xFE, 0x23, 0x20, 0x04, 0xFE, 0x83, 0x27, 0xC4, 0xFE, 0x85, 0x27,
    0x23, 0x26, 0xF4, 0xFE, 0x83, 0x27, 0xC4, 0xFE, 0x1B, 0x87, 0x07, 0x00, 0xFD, 0x47, 0xE3, 0xF3,
    0xE7, 0xF6, 0x97, 0x17, 0x00, 0x00, 0x93, 0x87, 0x67, 0xD7, 0x9C, 0x63, 0x17, 0x05, 0x00, 0x00,
    0x13, 0x05, 0x45, 0x4F, 0x82, 0x97, 0x97, 0x17, 0x00, 0x00, 0x93, 0x87, 0x27, 0xD6, 0x9C, 0x63,
    0x7D, 0x77, 0x41, 0x17, 0x22, 0x97, 0x03, 0x27, 0xC7, 0xF6, 0xBA, 0x85, 0x17, 0x15, 0x00, 0x00,
    0x13, 0x05, 0xC5, 0xC3, 0x82, 0x97, 0x23, 0x26, 0x04, 0xFE, 0x1D, 0xA8, 0x97, 0x17, 0x00, 0x00,
    0x93, 0x87, 0xC7, 0xD3, 0x98, 0x63, 0xFD, 0x77, 0xC1, 0x17, 0xB3, 0x86, 0x87, 0x00, 0x83, 0x67,
    0xC4, 0xFE, 0x8A, 0x07, 0xB6, 0x97, 0x83, 0xA7, 0x07, 0xF7, 0xBE, 0x85, 0x17, 0x05, 0x00, 0x00,
    0x13, 0x05, 0xC5, 0x49, 0x02, 0x97, 0x83, 0x27, 0xC4, 0xFE, 0x85, 0x27, 0x23, 0x26, 0xF4, 0xFE,
    0x83, 0x27, 0xC4, 0xFE, 0x1B, 0x87, 0x07, 0x00, 0xFD, 0x47, 0xE3, 0xF1, 0xE7, 0xFC, 0x97, 0x17,
    0x00, 0x00, 0x93, 0x87, 0xA7, 0xCF, 0x9C, 0x63, 0x17, 0x05, 0x00, 0x00, 0x13, 0x05, 0x85, 0x47,
    0x82, 0x97, 0x23, 0x26, 0x04, 0xFE, 0xA5, 0xA0, 0xFD, 0x77, 0xC1, 0x17, 0xA2, 0x97, 0x83, 0xA7,
    0xC7, 0xF6, 0x9B, 0x97, 0x67, 0x00, 0x81, 0x27, 0x03, 0x27, 0xC4, 0xFE, 0xB9, 0x9F, 0x1B, 0x87,
    0x07, 0x00, 0xFD, 0x77, 0xC1, 0x17, 0xA2, 0x97, 0x83, 0xA7, 0x87, 0xF6, 0x9B, 0x97, 0xC7, 0x00,
    0x81, 0x27, 0xB9, 0x9F, 0x1B, 0x87, 0x07, 0x00, 0xB7, 0x07, 0x01, 0x30, 0xB1, 0x27, 0xB9, 0x9F,
    0x81, 0x27, 0x9B, 0x97, 0x27, 0x00, 0x81, 0x27, 0x82, 0x17, 0x81, 0x93, 0xBE, 0x86, 0xFD, 0x77,
    0xC1, 0x17, 0x33, 0x87, 0x87, 0x00, 0x83, 0x67, 0xC4, 0xFE, 0x8A, 0x07, 0xBA, 0x97, 0x83, 0xA7,
    0x07, 0xF7, 0x9C, 0xC2, 0x83, 0x27, 0xC4, 0xFE, 0x85, 0x27, 0x23, 0x26, 0xF4, 0xFE, 0x83, 0x27,
    0xC4, 0xFE, 0x1B, 0x87, 0x07, 0x00, 0x9D, 0x47, 0xE3, 0xF8, 0xE7, 0xF8, 0xFD, 0x77, 0xC1, 0x17,
    0xA2, 0x97, 0x83, 0xA7, 0x87, 0xF6, 0x9B, 0x97, 0x67, 0x00, 0x81, 0x27, 0x7D, 0x77, 0x41, 0x17,
    0x22, 0x97, 0x03, 0x27, 0xC7, 0xF6, 0xB9, 0x9F, 0x81, 0x27, 0x9B, 0x97, 0x87, 0x00, 0x1B, 0x87,
    0x07, 0x00, 0xB7, 0x07, 0x04, 0xC0, 0x9B, 0x87, 0x07, 0x05, 0xB9, 0x9F, 0x81, 0x27, 0x82, 0x17,
    0x81, 0x93, 0x3E, 0x87, 0xFD, 0x77, 0xC1, 0x17, 0xA2, 0x97, 0x83, 0xA7, 0xC7, 0xF8, 0x1C, 0xC3,
    0x23, 0x26, 0x04, 0xFE, 0x9D, 0xA8, 0x83, 0x27, 0xC4, 0xFE, 0xA1, 0x27, 0x1B, 0x86, 0x07, 0x00,
    0xFD, 0x77, 0xC1, 0x17, 0xA2, 0x97, 0x83, 0xA7, 0xC7, 0xF6, 0x9B, 0x97, 0x67, 0x00, 0x81, 0x27,
    0x03, 0x27, 0xC4, 0xFE, 0xB9, 0x9F, 0x1B, 0x87, 0x07, 0x00, 0xFD, 0x77, 0xC1, 0x17, 0xA2, 0x97,
    0x83, 0xA7, 0x87, 0xF6, 0x9B, 0x97, 0xC7, 0x00, 0x81, 0x27, 0xB9, 0x9F, 0x1B, 0x87, 0x07, 0x00,
    0xB7, 0x07, 0x01, 0x30, 0x9B, 0x87, 0xC7, 0x40, 0xB9, 0x9F, 0x81, 0x27, 0x9B, 0x97, 0x27, 0x00,
    0x81, 0x27, 0x82, 0x17, 0x81, 0x93, 0xBE, 0x86, 0xFD, 0x77, 0xC1, 0x17, 0x33, 0x87, 0x87, 0x00,
    0x93, 0x17, 0x06, 0x02, 0x81, 0x93, 0x8A, 0x07, 0xBA, 0x97, 0x83, 0xA7, 0x07, 0xF7, 0x9C, 0xC2,
    0x83, 0x27, 0xC4, 0xFE, 0x85, 0x27, 0x23, 0x26, 0xF4, 0xFE, 0x83, 0x27, 0xC4, 0xFE, 0x1B, 0x87,
    0x07, 0x00, 0x9D, 0x47, 0xE3, 0xF1, 0xE7, 0xF8, 0xFD, 0x77, 0xC1, 0x17, 0xA2, 0x97, 0x83, 0xA7,
    0x87, 0xF6, 0x9B, 0x97, 0x67, 0x00, 0x81, 0x27, 0x7D, 0x77, 0x41, 0x17, 0x22, 0x97, 0x03, 0x27,
    0xC7, 0xF6, 0xB9, 0x9F, 0x81, 0x27, 0x9B, 0x97, 0x87, 0x00, 0x1B, 0x87, 0x07, 0x00, 0xB7, 0x17,
    0x04, 0xC0, 0x9B, 0x87, 0x07, 0x05, 0xB9, 0x9F, 0x81, 0x27, 0x82, 0x17, 0x81, 0x93, 0x3E, 0x87,
    0xFD, 0x77, 0xC1, 0x17, 0xA2, 0x97, 0x83, 0xA7, 0xC7, 0xFA, 0x1C, 0xC3, 0x23, 0x26, 0x04, 0xFE,
    0x9D, 0xA8, 0x83, 0x27, 0xC4, 0xFE, 0xC1, 0x27, 0x1B, 0x86, 0x07, 0x00, 0xFD, 0x77, 0xC1, 0x17,
    0xA2, 0x97, 0x83, 0xA7, 0xC7, 0xF6, 0x9B, 0x97, 0x67, 0x00, 0x81, 0x27, 0x03, 0x27, 0xC4, 0xFE,
    0xB9, 0x9F, 0x1B, 0x87, 0x07, 0x00, 0xFD, 0x77, 0xC1, 0x17, 0xA2, 0x97, 0x83, 0xA7, 0x87, 0xF6,
    0x9B, 0x97, 0xC7, 0x00, 0x81, 0x27, 0xB9, 0x9F, 0x1B, 0x87, 0x07, 0x00, 0xB7, 0x07, 0x01, 0x30,
    0x9B, 0x87, 0xC7, 0x08, 0xB9, 0x9F, 0x81, 0x27, 0x9B, 0x97, 0x27, 0x00, 0x81, 0x27, 0x82, 0x17,
    0x81, 0x93, 0xBE, 0x86, 0xFD, 0x77, 0xC1, 0x17, 0x33, 0x87, 0x87, 0x00, 0x93, 0x17, 0x06, 0x02,
    0x81, 0x93, 0x8A, 0x07, 0xBA, 0x97, 0x83, 0xA7, 0x07, 0xF7, 0x9C, 0xC2, 0x83, 0x27, 0xC4, 0xFE,
    0x85, 0x27, 0x23, 0x26, 0xF4, 0xFE, 0x83, 0x27, 0xC4, 0xFE, 0x1B, 0x87, 0x07, 0x00, 0x9D, 0x47,
    0xE3, 0xF1, 0xE7, 0xF8, 0xFD, 0x77, 0xC1, 0x17, 0xA2, 0x97, 0x83, 0xA7, 0x87, 0xF6, 0x9B, 0x97,
    0x67, 0x00, 0x81, 0x27, 0x7D, 0x77, 0x41, 0x17, 0x22, 0x97, 0x03, 0x27, 0xC7, 0xF6, 0xB9, 0x9F,
    0x81, 0x27, 0x9B, 0x97, 0x87, 0x00, 0x1B, 0x87, 0x07, 0x00, 0xB7, 0x07, 0x04, 0xC0, 0x9B, 0x87,
    0x07, 0x25, 0xB9, 0x9F, 0x81, 0x27, 0x82, 0x17, 0x81, 0x93, 0x3E, 0x87, 0xFD, 0x77, 0xC1, 0x17,
    0xA2, 0x97, 0x83, 0xA7, 0xC7, 0xFC, 0x1C, 0xC3, 0x23, 0x26, 0x04, 0xFE, 0x9D, 0xA8, 0x83, 0x27,
    0xC4, 0xFE, 0xE1, 0x27, 0x1B, 0x86, 0x07, 0x00, 0xFD, 0x77, 0xC1, 0x17, 0xA2, 0x97, 0x83, 0xA7,
    0xC7, 0xF6, 0x9B, 0x97, 0x67, 0x00, 0x81, 0x27, 0x03, 0x27, 0xC4, 0xFE, 0xB9, 0x9F, 0x1B, 0x87,
    0x07, 0x00, 0xFD, 0x77, 0xC1, 0x17, 0xA2, 0x97, 0x83, 0xA7, 0x87, 0xF6, 0x9B, 0x97, 0xC7, 0x00,
    0x81, 0x27, 0xB9, 0x9F, 0x1B, 0x87, 0x07, 0x00, 0xB7, 0x07, 0x01, 0x30, 0x9B, 0x87, 0xC7, 0x48,
    0xB9, 0x9F, 0x81, 0x27, 0x9B, 0x97, 0x27, 0x00, 0x81, 0x27, 0x82, 0x17, 0x81, 0x93, 0xBE, 0x86,
    0xFD, 0x77, 0xC1, 0x17, 0x33, 0x87, 0x87, 0x00, 0x93, 0x17, 0x06, 0x02, 0x81, 0x93, 0x8A, 0x07,
    0xBA, 0x97, 0x83, 0xA7, 0x07, 0xF7, 0x9C, 0xC2, 0x83, 0x27, 0xC4, 0xFE, 0x85, 0x27, 0x23, 0x26,
    0xF4, 0xFE, 0x83, 0x27, 0xC4, 0xFE, 0x1B, 0x87, 0x07, 0x00, 0x9D, 0x47, 0xE3, 0xF1, 0xE7, 0xF8,
    0xFD, 0x77, 0xC1, 0x17, 0xA2, 0x97, 0x83, 0xA7, 0x87, 0xF6, 0x9B, 0x97, 0x67, 0x00, 0x81, 0x27,
    0x7D, 0x77, 0x41, 0x17, 0x22, 0x97, 0x03, 0x27, 0xC7, 0xF6, 0xB9, 0x9F, 0x81, 0x27, 0x9B, 0x97,
    0x87, 0x00, 0x1B, 0x87, 0x07, 0x00, 0xB7, 0x17, 0x04, 0xC0, 0x9B, 0x87, 0x07, 0x25, 0xB9, 0x9F,
    0x81, 0x27, 0x82, 0x17, 0x81, 0x93, 0x3E, 0x87, 0xFD, 0x77, 0xC1, 0x17, 0xA2, 0x97, 0x83, 0xA7,
    0xC7, 0xFE, 0x1C, 0xC3, 0x01, 0x00, 0x85, 0x62, 0x16, 0x91, 0xAA, 0x70, 0x0A, 0x74, 0x4D, 0x61,
    0x82, 0x80, 0x79, 0x71, 0x06, 0xF4, 0x22, 0xF0, 0x00, 0x18, 0xAA, 0x87, 0xAE, 0x86, 0x32, 0x87,
    0x23, 0x2E, 0xF4, 0xFC, 0xB6, 0x87, 0x23, 0x2C, 0xF4, 0xFC, 0xBA, 0x87, 0x23, 0x2A, 0xF4, 0xFC,
    0x23, 0x26, 0x04, 0xFE, 0x97, 0x17, 0x00, 0x00, 0x93, 0x87, 0x47, 0x99, 0x9C, 0x63, 0x17, 0x15,
    0x00, 0x00, 0x13, 0x05, 0x25, 0x89, 0x82, 0x97, 0x03, 0x27, 0x84, 0xFD, 0x83, 0x27, 0xC4, 0xFD,
    0x05, 0x46, 0xBA, 0x85, 0x3E, 0x85, 0xEF, 0xB0, 0xDF, 0xD7, 0x97, 0x17, 0x00, 0x00, 0x93, 0x87,
    0xE7, 0x96, 0x9C, 0x63, 0x17, 0x15, 0x00, 0x00, 0x13, 0x05, 0xC5, 0x88, 0x82, 0x97, 0x97, 0x17,
    0x00, 0x00, 0x93, 0x87, 0xA7, 0x95, 0x9C, 0x63, 0x83, 0x26, 0x84, 0xFD, 0x03, 0x26, 0x44, 0xFD,
    0x03, 0x27, 0xC4, 0xFD, 0xBA, 0x85, 0x17, 0x15, 0x00, 0x00, 0x13, 0x05, 0x25, 0x89, 0x82, 0x97,
    0x03, 0x26, 0x84, 0xFD, 0x83, 0x25, 0x44, 0xFD, 0x03, 0x25, 0xC4, 0xFD, 0x85, 0x48, 0x05, 0x48,
    0x85, 0x47, 0x05, 0x47, 0x81, 0x46, 0xEF, 0xE0, 0xDF, 0xA8, 0x03, 0x27, 0x84, 0xFD, 0x83, 0x27,
    0xC4, 0xFD, 0x01, 0x46, 0xBA, 0x85, 0x3E, 0x85, 0xEF, 0xB0, 0xBF, 0xD1, 0x01, 0x00, 0xA2, 0x70,
    0x02, 0x74, 0x45, 0x61, 0x82, 0x80, 0x00, 0x00, 0x52, 0x78, 0x20, 0x76, 0x72, 0x65, 0x66, 0x3D,
    0x25, 0x64, 0x20, 0x63, 0x6F, 0x72, 0x72, 0x65, 0x73, 0x70, 0x6F, 0x6E, 0x64, 0x69, 0x6E, 0x67,
    0x20, 0x4D, 0x61, 0x72, 0x67, 0x69, 0x6E, 0x20, 0x61, 0x6E, 0x64, 0x20, 0x73, 0x65, 0x74, 0x74,
    0x69, 0x6E, 0x67, 0x20, 0x61, 0x73, 0x20, 0x66, 0x6F, 0x6C, 0x6C, 0x6F, 0x77, 0x3A, 0x20, 0x0A,
    0x00, 0x00, 0x00, 0x00, 0x00, 0x00, 0x00, 0x00, 0x43, 0x53, 0x30, 0x20, 0x44, 0x51, 0x30, 0x7E,
    0x44, 0x51, 0x33, 0x31, 0x20, 0x52, 0x44, 0x20, 0x4D, 0x61, 0x72, 0x67, 0x69, 0x6E, 0x3A, 0x20,
    0x00, 0x00, 0x00, 0x00, 0x00, 0x00, 0x00, 0x00, 0x43, 0x53, 0x31, 0x20, 0x44, 0x51, 0x30, 0x7E,
    0x44, 0x51, 0x33, 0x31, 0x20, 0x52, 0x44, 0x20, 0x4D, 0x61, 0x72, 0x67, 0x69, 0x6E, 0x3A, 0x20,
    0x00, 0x00, 0x00, 0x00, 0x00, 0x00, 0x00, 0x00, 0x25, 0x64, 0x20, 0x00, 0x00, 0x00, 0x00, 0x00,
    0x0A, 0x00, 0x00, 0x00, 0x00, 0x00, 0x00, 0x00, 0x43, 0x53, 0x30, 0x20, 0x44, 0x51, 0x30, 0x7E,
    0x44, 0x51, 0x33, 0x31, 0x20, 0x52, 0x44, 0x20, 0x44, 0x6C, 0x79, 0x20, 0x53, 0x65, 0x74, 0x74,
    0x69, 0x6E, 0x67, 0x3A, 0x20, 0x00, 0x00, 0x00, 0x43, 0x53, 0x31, 0x20, 0x44, 0x51, 0x30, 0x7E,
    0x44, 0x51, 0x33, 0x31, 0x20, 0x52, 0x44, 0x20, 0x44, 0x6C, 0x79, 0x20, 0x53, 0x65, 0x74, 0x74,
    0x69, 0x6E, 0x67, 0x3A, 0x20, 0x00, 0x00, 0x00, 0x56, 0x72, 0x65, 0x66, 0x28, 0x44, 0x51, 0x29,
    0x3D, 0x25, 0x64, 0x20, 0x63, 0x6F, 0x72, 0x72, 0x65, 0x73, 0x70, 0x6F, 0x6E, 0x64, 0x69, 0x6E,
    0x67, 0x3A, 0x20, 0x0A, 0x00, 0x00, 0x00, 0x00, 0x43, 0x53, 0x30, 0x20, 0x44, 0x51, 0x30, 0x7E,
    0x44, 0x51, 0x33, 0x31, 0x20, 0x57, 0x52, 0x20, 0x4D, 0x61, 0x72, 0x67, 0x69, 0x6E, 0x3A, 0x20,
    0x00, 0x00, 0x00, 0x00, 0x00, 0x00, 0x00, 0x00, 0x43, 0x53, 0x31, 0x20, 0x44, 0x51, 0x30, 0x7E,
    0x44, 0x51, 0x33, 0x31, 0x20, 0x57, 0x52, 0x20, 0x4D, 0x61, 0x72, 0x67, 0x69, 0x6E, 0x3A, 0x20,
    0x00, 0x00, 0x00, 0x00, 0x00, 0x00, 0x00, 0x00, 0x43, 0x53, 0x30, 0x20, 0x44, 0x51, 0x30, 0x7E,
    0x44, 0x51, 0x33, 0x31, 0x20, 0x57, 0x52, 0x20, 0x44, 0x6C, 0x79, 0x20, 0x53, 0x65, 0x74, 0x74,
    0x69, 0x6E, 0x67, 0x3A, 0x20, 0x00, 0x00, 0x00, 0x43, 0x53, 0x31, 0x20, 0x44, 0x51, 0x30, 0x7E,
    0x44, 0x51, 0x33, 0x31, 0x20, 0x57, 0x52, 0x20, 0x44, 0x6C, 0x79, 0x20, 0x53, 0x65, 0x74, 0x74,
    0x69, 0x6E, 0x67, 0x3A, 0x20, 0x00, 0x00, 0x00, 0x43, 0x53, 0x30, 0x20, 0x44, 0x4D, 0x30, 0x7E,
    0x44, 0x4D, 0x33, 0x20, 0x57, 0x52, 0x20, 0x4D, 0x61, 0x72, 0x67, 0x69, 0x6E, 0x3A, 0x20, 0x00,
    0x43, 0x53, 0x31, 0x20, 0x44, 0x4D, 0x30, 0x7E, 0x44, 0x4D, 0x33, 0x20, 0x57, 0x52, 0x20, 0x4D,
    0x61, 0x72, 0x67, 0x69, 0x6E, 0x3A, 0x20, 0x00, 0x43, 0x53, 0x30, 0x20, 0x44, 0x4D, 0x30, 0x7E,
    0x44, 0x4D, 0x33, 0x20, 0x57, 0x52, 0x20, 0x44, 0x6C, 0x79, 0x20, 0x53, 0x65, 0x74, 0x74, 0x69,
    0x6E, 0x67, 0x3A, 0x20, 0x00, 0x00, 0x00, 0x00, 0x43, 0x53, 0x31, 0x20, 0x44, 0x4D, 0x30, 0x7E,
    0x44, 0x4D, 0x33, 0x20, 0x57, 0x52, 0x20, 0x44, 0x6C, 0x79, 0x20, 0x53, 0x65, 0x74, 0x74, 0x69,
    0x6E, 0x67, 0x3A, 0x20, 0x00, 0x00, 0x00, 0x00, 0x65, 0x61, 0x63, 0x68, 0x20, 0x52, 0x58, 0x20,
    0x56, 0x72, 0x65, 0x66, 0x20, 0x63, 0x6F, 0x72, 0x72, 0x65, 0x73, 0x70, 0x6F, 0x6E, 0x64, 0x69,
    0x6E, 0x67, 0x20, 0x6D, 0x69, 0x6E, 0x20, 0x6D, 0x61, 0x72, 0x67, 0x69, 0x6E, 0x20, 0x3D, 0x20,
    0x00, 0x00, 0x00, 0x00, 0x00, 0x00, 0x00, 0x00, 0x20, 0x0A, 0x20, 0x00, 0x00, 0x00, 0x00, 0x00,
    0x6F, 0x70, 0x74, 0x69, 0x6D, 0x69, 0x7A, 0x65, 0x20, 0x52, 0x78, 0x20, 0x56, 0x72, 0x65, 0x66,
    0x20, 0x61, 0x64, 0x6A, 0x75, 0x73, 0x74, 0x3D, 0x25, 0x64, 0x20, 0x2C, 0x63, 0x6F, 0x72, 0x72,
    0x65, 0x73, 0x70, 0x6F, 0x6E, 0x64, 0x69, 0x6E, 0x67, 0x20, 0x62, 0x65, 0x73, 0x74, 0x20, 0x6D,
    0x61, 0x72, 0x67, 0x69, 0x6E, 0x3D, 0x25, 0x64, 0x20, 0x0A, 0x00, 0x00, 0x00, 0x00, 0x00, 0x00,
    0x65, 0x61, 0x63, 0x68, 0x20, 0x54, 0x58, 0x20, 0x56, 0x72, 0x65, 0x66, 0x20, 0x63, 0x6F, 0x72,
    0x72, 0x65, 0x73, 0x70, 0x6F, 0x6E, 0x64, 0x69, 0x6E, 0x67, 0x20, 0x6D, 0x69, 0x6E, 0x20, 0x6D,
    0x61, 0x72, 0x67, 0x69, 0x6E, 0x20, 0x3D, 0x20, 0x00, 0x00, 0x00, 0x00, 0x00, 0x00, 0x00, 0x00,
    0x6F, 0x70, 0x74, 0x69, 0x6D, 0x69, 0x7A, 0x65, 0x20, 0x54, 0x78, 0x20, 0x56, 0x72, 0x65, 0x66,
    0x20, 0x61, 0x64, 0x6A, 0x75, 0x73, 0x74, 0x3D, 0x25, 0x64, 0x20, 0x2C, 0x63, 0x6F, 0x72, 0x72,
    0x65, 0x73, 0x70, 0x6F, 0x6E, 0x64, 0x69, 0x6E, 0x67, 0x20, 0x62, 0x65, 0x73, 0x74, 0x20, 0x6D,
    0x61, 0x72, 0x67, 0x69, 0x6E, 0x3D, 0x25, 0x64, 0x20, 0x0A, 0x00, 0x00, 0x00, 0x00, 0x00, 0x00,
    0x73, 0x77, 0x20, 0x66, 0x72, 0x65, 0x71, 0x75, 0x65, 0x6E, 0x63, 0x79, 0x20, 0x63, 0x68, 0x61,
    0x6E, 0x67, 0x65, 0x20, 0x74, 0x6F, 0x20, 0x31, 0x36, 0x30, 0x30, 0x21, 0x21, 0x21, 0x21, 0x20,
    0x0A, 0x00, 0x00, 0x00, 0x00, 0x00, 0x00, 0x00, 0x41, 0x44, 0x44, 0x52, 0x5B, 0x30, 0x78, 0x25,
    0x30, 0x38, 0x78, 0x5D, 0x3D, 0x30, 0x78, 0x25, 0x30, 0x38, 0x78, 0x20, 0x21, 0x21, 0x21, 0x21,
    0x20, 0x0A, 0x00, 0x00, 0x00, 0x00, 0x00, 0x00, 0x73, 0x77, 0x20, 0x66, 0x72, 0x65, 0x71, 0x75,
    0x65, 0x6E, 0x63, 0x79, 0x20, 0x63, 0x68, 0x61, 0x6E, 0x67, 0x65, 0x20, 0x74, 0x6F, 0x20, 0x31,
    0x36, 0x30, 0x30, 0x20, 0x73, 0x74, 0x61, 0x72, 0x74, 0x21, 0x21, 0x21, 0x21, 0x20, 0x0A, 0x00,
    0x73, 0x77, 0x20, 0x66, 0x72, 0x65, 0x71, 0x75, 0x65, 0x6E, 0x63, 0x79, 0x20, 0x63, 0x68, 0x61,
    0x6E, 0x67, 0x65, 0x20, 0x74, 0x6F, 0x20, 0x31, 0x36, 0x30, 0x30, 0x20, 0x64, 0x6F, 0x6E, 0x65,
    0x21, 0x21, 0x21, 0x21, 0x20, 0x0A, 0x00, 0x00, 0x73, 0x77, 0x20, 0x66, 0x72, 0x65, 0x71, 0x75,
    0x65, 0x6E, 0x63, 0x79, 0x20, 0x63, 0x68, 0x61, 0x6E, 0x67, 0x65, 0x20, 0x74, 0x6F, 0x20, 0x31,
    0x32, 0x30, 0x30, 0x21, 0x21, 0x21, 0x21, 0x20, 0x0A, 0x00, 0x00, 0x00, 0x00, 0x00, 0x00, 0x00,
    0x77, 0x61, 0x69, 0x74, 0x20, 0x73, 0x77, 0x20, 0x66, 0x72, 0x65, 0x71, 0x75, 0x65, 0x6E, 0x63,
    0x79, 0x20, 0x63, 0x68, 0x61, 0x6E, 0x67, 0x65, 0x20, 0x74, 0x6F, 0x20, 0x31, 0x32, 0x30, 0x30,
    0x21, 0x21, 0x21, 0x21, 0x20, 0x0A, 0x00, 0x00, 0x73, 0x77, 0x20, 0x66, 0x72, 0x65, 0x71, 0x75,
    0x65, 0x6E, 0x63, 0x79, 0x20, 0x63, 0x68, 0x61, 0x6E, 0x67, 0x65, 0x20, 0x74, 0x6F, 0x20, 0x31,
    0x32, 0x30, 0x30, 0x20, 0x64, 0x6F, 0x6E, 0x65, 0x21, 0x21, 0x21, 0x21, 0x20, 0x0A, 0x00, 0x00,
    0x73, 0x77, 0x20, 0x66, 0x72, 0x65, 0x71, 0x75, 0x65, 0x6E, 0x63, 0x79, 0x20, 0x63, 0x68, 0x61,
    0x6E, 0x67, 0x65, 0x20, 0x74, 0x6F, 0x20, 0x65, 0x78, 0x74, 0x20, 0x63, 0x6C, 0x6B, 0x21, 0x21,
    0x21, 0x21, 0x20, 0x0A, 0x00, 0x00, 0x00, 0x00, 0x77, 0x61, 0x69, 0x74, 0x20, 0x73, 0x77, 0x20,
    0x66, 0x72, 0x65, 0x71, 0x75, 0x65, 0x6E, 0x63, 0x79, 0x20, 0x63, 0x68, 0x61, 0x6E, 0x67, 0x65,
    0x20, 0x74, 0x6F, 0x20, 0x65, 0x78, 0x74, 0x20, 0x63, 0x6C, 0x6B, 0x21, 0x21, 0x21, 0x21, 0x20,
    0x0A, 0x00, 0x00, 0x00, 0x00, 0x00, 0x00, 0x00, 0x73, 0x77, 0x20, 0x66, 0x72, 0x65, 0x71, 0x75,
    0x65, 0x6E, 0x63, 0x79, 0x20, 0x63, 0x68, 0x61, 0x6E, 0x67, 0x65, 0x20, 0x74, 0x6F, 0x20, 0x65,
    0x78, 0x74, 0x20, 0x63, 0x6C, 0x6B, 0x20, 0x64, 0x6F, 0x6E, 0x65, 0x21, 0x21, 0x21, 0x21, 0x20,
    0x0A, 0x00, 0x00, 0x00, 0x00, 0x00, 0x00, 0x00, 0x6E, 0x6F, 0x74, 0x20, 0x73, 0x75, 0x70, 0x70,
    0x6F, 0x72, 0x74, 0x20, 0x66, 0x72, 0x65, 0x71, 0x75, 0x65, 0x6E, 0x63, 0x79, 0x20, 0x63, 0x68,
    0x61, 0x6E, 0x67, 0x65, 0x20, 0x21, 0x21, 0x21, 0x21, 0x20, 0x0A, 0x00, 0x54, 0xC7, 0xFF, 0xFF,
    0x2A, 0xC6, 0xFF, 0xFF, 0x64, 0xC8, 0xFF, 0xFF, 0xFA, 0xC7, 0xFF, 0xFF, 0xCE, 0xC8, 0xFF, 0xFF,
    0x52, 0x65, 0x61, 0x64, 0x5F, 0x67, 0x61, 0x74, 0x65, 0x5F, 0x74, 0x72, 0x61, 0x69, 0x6E, 0x69,
    0x6E, 0x67, 0x20, 0x50, 0x41, 0x53, 0x53, 0x21, 0x21, 0x20, 0x0A, 0x00, 0x00, 0x00, 0x00, 0x00,
    0x52, 0x65, 0x61, 0x64, 0x5F, 0x67, 0x61, 0x74, 0x65, 0x5F, 0x74, 0x72, 0x61, 0x69, 0x6E, 0x69,
    0x6E, 0x67, 0x20, 0x54, 0x49, 0x4D, 0x45, 0x4F, 0x55, 0x54, 0x21, 0x21, 0x20, 0x0A, 0x00, 0x00,
    0x72, 0x65, 0x61, 0x64, 0x20, 0x67, 0x61, 0x74, 0x65, 0x20, 0x63, 0x6F, 0x64, 0x65, 0x5B, 0x30,
    0x78, 0x25, 0x30, 0x38, 0x78, 0x5D, 0x3D, 0x30, 0x78, 0x25, 0x30, 0x38, 0x78, 0x20, 0x0A, 0x00,
    0x41, 0x67, 0x61, 0x69, 0x6E, 0x21, 0x21, 0x21, 0x20, 0x74, 0x72, 0x61, 0x69, 0x6E, 0x69, 0x6E,
    0x67, 0x20, 0x6F, 0x70, 0x74, 0x69, 0x6D, 0x69, 0x7A, 0x65, 0x20, 0x46, 0x69, 0x6E, 0x65, 0x20,
    0x52, 0x78, 0x20, 0x76, 0x72, 0x65, 0x66, 0x20, 0x73, 0x74, 0x65, 0x70, 0x20, 0x3D, 0x20, 0x25,
    0x64, 0x20, 0x0A, 0x00, 0x00, 0x00, 0x00, 0x00, 0x41, 0x67, 0x61, 0x69, 0x6E, 0x21, 0x21, 0x21,
    0x20, 0x74, 0x72, 0x61, 0x69, 0x6E, 0x69, 0x6E, 0x67, 0x20, 0x6F, 0x70, 0x74, 0x69, 0x6D, 0x69,
    0x7A, 0x65, 0x20, 0x46, 0x69, 0x6E, 0x65, 0x20, 0x54, 0x78, 0x20, 0x76, 0x72, 0x65, 0x66, 0x20,
    0x73, 0x74, 0x65, 0x70, 0x20, 0x3D, 0x20, 0x25, 0x64, 0x20, 0x0A, 0x00, 0x00, 0x00, 0x00, 0x00,
    0x54, 0x72, 0x61, 0x69, 0x6E, 0x69, 0x6E, 0x67, 0x20, 0x73, 0x74, 0x61, 0x72, 0x74, 0x2E, 0x2E,
    0x2E, 0x2E, 0x0A, 0x00, 0x00, 0x00, 0x00, 0x00, 0x54, 0x72, 0x61, 0x69, 0x6E, 0x69, 0x6E, 0x67,
    0x20, 0x69, 0x6E, 0x69, 0x74, 0x2E, 0x2E, 0x2E, 0x2E, 0x0A, 0x00, 0x00, 0x00, 0x00, 0x00, 0x00,
    0x64, 0x75, 0x6D, 0x70, 0x20, 0x6D, 0x61, 0x72, 0x67, 0x69, 0x6E, 0x20, 0x61, 0x6E, 0x64, 0x20,
    0x73, 0x65, 0x74, 0x74, 0x69, 0x6E, 0x67, 0x20, 0x42, 0x65, 0x66, 0x6F, 0x72, 0x65, 0x20, 0x54,
    0x72, 0x61, 0x69, 0x6E, 0x69, 0x6E, 0x67, 0x2E, 0x2E, 0x2E, 0x2E, 0x0A, 0x00, 0x00, 0x00, 0x00,
    0x43, 0x41, 0x20, 0x54, 0x72, 0x61, 0x69, 0x6E, 0x69, 0x6E, 0x67, 0x2E, 0x2E, 0x2E, 0x2E, 0x2E,
    0x0A, 0x00, 0x00, 0x00, 0x00, 0x00, 0x00, 0x00, 0x57, 0x72, 0x69, 0x74, 0x65, 0x20, 0x4C, 0x65,
    0x76, 0x65, 0x6C, 0x69, 0x6E, 0x67, 0x2E, 0x2E, 0x2E, 0x2E, 0x2E, 0x0A, 0x00, 0x00, 0x00, 0x00,
    0x57, 0x72, 0x69, 0x74, 0x65, 0x20, 0x4C, 0x65, 0x76, 0x65, 0x6C, 0x69, 0x6E, 0x67, 0x20, 0x6E,
    0x6F, 0x74, 0x20, 0x65, 0x78, 0x65, 0x63, 0x75, 0x74, 0x65, 0x2E, 0x2E, 0x2E, 0x2E, 0x2E, 0x0A,
    0x00, 0x00, 0x00, 0x00, 0x00, 0x00, 0x00, 0x00, 0x52, 0x65, 0x61, 0x64, 0x20, 0x47, 0x61, 0x74,
    0x65, 0x20, 0x54, 0x72, 0x61, 0x69, 0x6E, 0x69, 0x6E, 0x67, 0x2E, 0x2E, 0x2E, 0x2E, 0x2E, 0x0A,
    0x00, 0x00, 0x00, 0x00, 0x00, 0x00, 0x00, 0x00, 0x52, 0x65, 0x61, 0x64, 0x20, 0x47, 0x61, 0x74,
    0x65, 0x20, 0x54, 0x72, 0x61, 0x69, 0x6E, 0x69, 0x6E, 0x67, 0x20, 0x6E, 0x6F, 0x74, 0x20, 0x65,
    0x78, 0x65, 0x63, 0x75, 0x74, 0x65, 0x2E, 0x2E, 0x2E, 0x2E, 0x2E, 0x0A, 0x00, 0x00, 0x00, 0x00,
    0x52, 0x65, 0x61, 0x64, 0x20, 0x54, 0x72, 0x61, 0x69, 0x6E, 0x69, 0x6E, 0x67, 0x2E, 0x2E, 0x2E,
    0x2E, 0x2E, 0x0A, 0x00, 0x00, 0x00, 0x00, 0x00, 0x52, 0x65, 0x61, 0x64, 0x20, 0x54, 0x72, 0x61,
    0x69, 0x6E, 0x69, 0x6E, 0x67, 0x20, 0x6E, 0x6F, 0x74, 0x20, 0x65, 0x78, 0x65, 0x63, 0x75, 0x74,
    0x65, 0x2E, 0x2E, 0x2E, 0x2E, 0x2E, 0x0A, 0x00, 0x57, 0x72, 0x69, 0x74, 0x65, 0x20, 0x54, 0x72,
    0x61, 0x69, 0x6E, 0x69, 0x6E, 0x67, 0x2E, 0x2E, 0x2E, 0x2E, 0x2E, 0x0A, 0x00, 0x00, 0x00, 0x00,
    0x57, 0x72, 0x69, 0x74, 0x65, 0x20, 0x54, 0x72, 0x61, 0x69, 0x6E, 0x69, 0x6E, 0x67, 0x20, 0x6E,
    0x6F, 0x74, 0x20, 0x65, 0x78, 0x65, 0x63, 0x75, 0x74, 0x65, 0x2E, 0x2E, 0x2E, 0x2E, 0x2E, 0x0A,
    0x00, 0x00, 0x00, 0x00, 0x00, 0x00, 0x00, 0x00, 0x54, 0x72, 0x61, 0x69, 0x6E, 0x69, 0x6E, 0x67,
    0x20, 0x73, 0x74, 0x61, 0x74, 0x75, 0x73, 0x5B, 0x30, 0x78, 0x25, 0x30, 0x38, 0x58, 0x5D, 0x3D,
    0x30, 0x78, 0x25, 0x30, 0x38, 0x58, 0x20, 0x0A, 0x00, 0x00, 0x00, 0x00, 0x00, 0x00, 0x00, 0x00,
    0x57, 0x72, 0x69, 0x74, 0x65, 0x20, 0x4C, 0x65, 0x76, 0x65, 0x6C, 0x69, 0x6E, 0x67, 0x20, 0x65,
    0x72, 0x72, 0x6F, 0x72, 0x2E, 0x2E, 0x2E, 0x2E, 0x2E, 0x0A, 0x00, 0x00, 0x00, 0x00, 0x00, 0x00,
    0x52, 0x65, 0x61, 0x64, 0x20, 0x4C, 0x65, 0x76, 0x65, 0x6C, 0x69, 0x6E, 0x67, 0x20, 0x65, 0x72,
    0x72, 0x6F, 0x72, 0x2E, 0x2E, 0x2E, 0x2E, 0x2E, 0x0A, 0x00, 0x00, 0x00, 0x00, 0x00, 0x00, 0x00,
    0x57, 0x72, 0x69, 0x74, 0x65, 0x20, 0x44, 0x51, 0x20, 0x54, 0x72, 0x61, 0x69, 0x6E, 0x69, 0x6E,
    0x67, 0x20, 0x65, 0x72, 0x72, 0x6F, 0x72, 0x2E, 0x2E, 0x2E, 0x2E, 0x2E, 0x0A, 0x00, 0x00, 0x00,
    0x52, 0x65, 0x61, 0x64, 0x20, 0x47, 0x61, 0x74, 0x65, 0x20, 0x54, 0x72, 0x61, 0x69, 0x6E, 0x69,
    0x6E, 0x67, 0x20, 0x65, 0x72, 0x72, 0x6F, 0x72, 0x2E, 0x2E, 0x2E, 0x2E, 0x2E, 0x0A, 0x00, 0x00,
    0x74, 0x78, 0x20, 0x64, 0x6C, 0x79, 0x3D, 0x25, 0x64, 0x20, 0x62, 0x69, 0x74, 0x30, 0x7E, 0x62,
    0x69, 0x74, 0x33, 0x31, 0x2E, 0x2E, 0x2E, 0x2E, 0x2E, 0x00, 0x00, 0x00, 0x00, 0x00, 0x00, 0x00,
    0x31, 0x20, 0x00, 0x00, 0x00, 0x00, 0x00, 0x00, 0x30, 0x20, 0x00, 0x00, 0x00, 0x00, 0x00, 0x00,
    0x63, 0x73, 0x25, 0x64, 0x20, 0x33, 0x32, 0x62, 0x69, 0x74, 0x20, 0x74, 0x78, 0x20, 0x64, 0x6C,
    0x79, 0x3A, 0x00, 0x00, 0x00, 0x00, 0x00, 0x00, 0x72, 0x78, 0x20, 0x64, 0x6C, 0x79, 0x3D, 0x25,
    0x64, 0x20, 0x62, 0x69, 0x74, 0x30, 0x7E, 0x62, 0x69, 0x74, 0x33, 0x31, 0x2E, 0x2E, 0x2E, 0x2E,
    0x2E, 0x00, 0x00, 0x00, 0x00, 0x00, 0x00, 0x00, 0x63, 0x73, 0x25, 0x64, 0x20, 0x33, 0x32, 0x62,
    0x69, 0x74, 0x20, 0x72, 0x78, 0x20, 0x64, 0x6C, 0x79, 0x3A, 0x00, 0x00, 0x00, 0x00, 0x00, 0x00,
    0x65, 0x6E, 0x74, 0x65, 0x72, 0x20, 0x73, 0x65, 0x6C, 0x66, 0x20, 0x72, 0x65, 0x66, 0x72, 0x65,
    0x73, 0x68, 0x20, 0x73, 0x74, 0x61, 0x72, 0x74, 0x20, 0x2E, 0x2E, 0x2E, 0x2E, 0x2E, 0x0A, 0x00,
    0x65, 0x6E, 0x74, 0x65, 0x72, 0x20, 0x73, 0x65, 0x6C, 0x66, 0x20, 0x72, 0x65, 0x66, 0x72, 0x65,
    0x73, 0x68, 0x20, 0x73, 0x74, 0x61, 0x72, 0x74, 0x20, 0x64, 0x6F, 0x6E, 0x65, 0x20, 0x2E, 0x2E,
    0x2E, 0x2E, 0x2E, 0x0A, 0x00, 0x00, 0x00, 0x00, 0x25, 0x78, 0x2C, 0x20, 0x25, 0x78, 0x2C, 0x20,
    0x25, 0x78, 0x0A, 0x00, 0x00, 0x00, 0x00, 0x00, 0x00, 0x00, 0x00, 0x00, 0x00, 0x00, 0x00, 0x00,
    0xD8, 0x1B, 0x83, 0xC0, 0x00, 0x00, 0x00, 0x00, 0xFF, 0xFF, 0xFF, 0xFF, 0xFF, 0xFF, 0xFF, 0xFF,
    0x00, 0x00, 0x00, 0x00, 0x00, 0x00, 0x00, 0x00,
];
